,Date,URM,LRM,Distance,Year
,1996,92,68.5,23.5,1996
,1997,73.5,64.5,9.0,1997
,1998,84,78,6.0,1998
,1998,68.5,61.5,7.0,1998
,1999,84,78,6.0,1999
,1999,72,57.5,14.5,1999
,2001,84,74,10.0,2001
,2001,68.5,64.5,4.0,2001
,2002,98,74,24.0,2002
1,10/14/2002,80.8,74,6.8,2002
2,10/14/2002,76.6,74,2.6,2002
3,10/20/2002,82.9,74,8.9,2002
4,10/3/2002,78.3,74,4.3,2002
5,10/3/2002,78.2,74,4.2,2002
6,10/3/2002,76.6,74,2.6,2002
7,10/8/2002,79.9,74,5.9,2002
8,10/9/2002,79.6,74,5.6,2002
9,10/9/2002,79,74,5,2002
10,6/10/2002,79.6,74,5.6,2002
11,6/10/2002,79.4,74,5.4,2002
12,6/10/2002,76.6,74,2.6,2002
13,6/13/2002,64.1,57.5,6.6,2002
14,6/20/2002,82.2,74,8.2,2002
15,6/20/2002,76.6,74,2.6,2002
16,6/20/2002,74.6,74,0.6,2002
17,6/21/2002,84.9,74,10.9,2002
18,6/25/2002,64.1,57.5,6.6,2002
19,6/26/2002,91.9,74,17.9,2002
20,6/26/2002,91.7,74,17.7,2002
21,6/26/2002,86.7,74,12.7,2002
22,6/26/2002,86.3,74,12.3,2002
23,6/27/2002,85.1,74,11.1,2002
24,6/27/2002,84.1,74,10.1,2002
25,6/28/2002,84.7,74,10.7,2002
26,6/29/2002,92.4,74,18.4,2002
27,6/29/2002,92,74,18,2002
28,6/29/2002,90.6,74,16.6,2002
29,6/29/2002,84.7,74,10.7,2002
30,6/30/2002,85.1,74,11.1,2002
31,6/6/2002,84.1,74,10.1,2002
32,6/6/2002,83.1,74,9.1,2002
33,6/6/2002,82.9,74,8.9,2002
34,6/6/2002,81.8,74,7.8,2002
35,6/6/2002,81.8,74,7.8,2002
36,6/9/2002,76.6,74,2.6,2002
37,7/1/2002,94,74,20,2002
38,7/1/2002,94,74,20,2002
39,7/1/2002,85.8,74,11.8,2002
40,7/10/2002,94.7,74,20.7,2002
41,7/10/2002,94,74,20,2002
42,7/10/2002,86.7,74,12.7,2002
43,7/11/2002,94,74,20,2002
44,7/11/2002,86.8,74,12.8,2002
45,7/12/2002,95.1,74,21.1,2002
46,7/12/2002,95.1,74,21.1,2002
47,7/12/2002,94,74,20,2002
48,7/12/2002,87.1,74,13.1,2002
49,7/15/2002,94,74,20,2002
50,7/15/2002,87.1,74,13.1,2002
51,7/15/2002,85.1,74,11.1,2002
52,7/16/2002,93.1,74,19.1,2002
53,7/18/2002,93.1,74,19.1,2002
54,7/18/2002,92,74,18,2002
55,7/18/2002,86.7,74,12.7,2002
56,7/19/2002,91.9,74,17.9,2002
57,7/19/2002,87.1,74,13.1,2002
58,7/2/2002,94,74,20,2002
59,7/2/2002,94,74,20,2002
60,7/2/2002,94,74,20,2002
61,7/2/2002,93.9,74,19.9,2002
62,7/3/2002,94.6,74,20.6,2002
63,7/3/2002,94,74,20,2002
64,7/4/2002,94,74,20,2002
65,7/5/2002,86.4,74,12.4,2002
66,7/5/2002,85.1,74,11.1,2002
67,7/6/2002,92.5,74,18.5,2002
68,7/8/2002,93.3,74,19.3,2002
69,7/8/2002,86.4,74,12.4,2002
70,7/9/2002,93.3,74,19.3,2002
71,7/9/2002,86.3,74,12.3,2002
72,8/18/2002,91,74,17,2002
73,8/18/2002,90.6,74,16.6,2002
74,8/19/2002,76.3,74,2.3,2002
75,8/20/2002,116.1,74,42.1,2002
76,8/20/2002,71,57.5,13.5,2002
77,8/20/2002,68.6,57.5,11.1,2002
78,8/25/2002,76.6,74,2.6,2002
79,9/11/2002,93.2,74,19.2,2002
80,9/30/2002,79.9,74,5.9,2002
81,9/30/2002,79.4,74,5.4,2002
82,9/30/2002,76.6,74,2.6,2002
83,10/2/2003,127.6,116.2,11.4,2003
84,10/2/2003,87.1,74,13.1,2003
85,10/29/2003,97.2,74,23.2,2003
86,10/30/2003,92.6,74,18.6,2003
87,8/11/2003,71.8,57.5,14.3,2003
88,8/11/2003,58.5,57.5,1,2003
89,8/12/2003,61.2,57.5,3.7,2003
90,8/12/2003,58.5,57.5,1,2003
91,8/16/2003,61.2,57.5,3.7,2003
92,8/16/2003,58.5,57.5,1,2003
93,8/5/2003,68.7,57.5,11.2,2003
94,8/5/2003,64,57.5,6.5,2003
95,9/20/2003,94,74,20,2003
96,9/21/2003,94,74,20,2003
97,9/21/2003,87.1,74,13.1,2003
98,9/6/2003,107.7,74,33.7,2003
99,9/6/2003,102.4,74,28.4,2003
100,9/9/2003,118.9,116.2,2.7,2003
101,10/1/2004,109.1,74,35.1,2004
102,10/1/2004,100.1,74,26.1,2004
103,10/2/2004,109.1,74,35.1,2004
104,10/2/2004,100.1,74,26.1,2004
105,10/3/2004,104.5,74,30.5,2004
106,10/3/2004,100.1,74,26.1,2004
107,10/4/2004,97.4,74,23.4,2004
108,10/5/2004,94.8,74,20.8,2004
109,10/6/2004,104.5,74,30.5,2004
110,10/6/2004,76.3,74,2.3,2004
111,6/16/2004,75.6,74,1.6,2004
112,6/17/2004,80,74,6,2004
113,6/19/2004,84.3,74,10.3,2004
114,6/21/2004,89.8,74,15.8,2004
115,6/22/2004,90,74,16,2004
116,6/23/2004,90,74,16,2004
117,6/24/2004,154.9,152.5,2.4,2004
118,6/24/2004,92.3,74,18.3,2004
119,6/26/2004,154.9,152.5,2.4,2004
120,6/26/2004,93.9,74,19.9,2004
121,6/27/2004,94.2,74,20.2,2004
122,6/28/2004,156.5,152.5,4,2004
123,6/28/2004,94.4,74,20.4,2004
124,6/29/2004,87.9,74,13.9,2004
125,7/1/2004,83.6,74,9.6,2004
126,7/1/2004,79.4,74,5.4,2004
127,7/10/2004,95.7,74,21.7,2004
128,7/11/2004,162.5,152.5,10,2004
129,7/12/2004,163.6,152.5,11.1,2004
130,7/13/2004,163.4,152.5,10.9,2004
131,7/14/2004,162.7,152.5,10.2,2004
132,7/14/2004,157.3,152.5,4.8,2004
133,7/15/2004,164,152.5,11.5,2004
134,7/16/2004,164.3,152.5,11.8,2004
135,7/17/2004,136.3,132,4.3,2004
136,7/17/2004,100.1,74,26.1,2004
137,7/18/2004,135.7,132,3.7,2004
138,7/18/2004,132.2,132,0.2,2004
139,7/18/2004,99,74,25,2004
140,7/19/2004,164.3,152.5,11.8,2004
141,7/20/2004,164.5,152.5,12,2004
142,7/20/2004,99.5,74,25.5,2004
143,7/21/2004,99.8,74,25.8,2004
144,7/21/2004,99.5,74,25.5,2004
145,7/22/2004,135.3,132,3.3,2004
146,7/22/2004,99.5,74,25.5,2004
147,7/23/2004,135.8,132,3.8,2004
148,7/31/2004,160.8,152.5,8.3,2004
149,7/5/2004,154.5,152.5,2,2004
150,7/6/2004,155.4,152.5,2.9,2004
151,7/7/2004,155.5,152.5,3,2004
152,7/8/2004,159.8,152.5,7.3,2004
153,8/10/2004,164.3,152.5,11.8,2004
154,8/10/2004,90.9,74,16.9,2004
155,8/11/2004,116.2,74,42.2,2004
156,8/11/2004,96.2,74,22.2,2004
157,8/11/2004,85.1,74,11.1,2004
158,8/11/2004,80.4,74,6.4,2004
159,8/12/2004,88.1,74,14.1,2004
160,8/13/2004,164.6,152.5,12.1,2004
161,8/13/2004,99.5,74,25.5,2004
162,8/13/2004,81.6,74,7.6,2004
163,8/14/2004,164.9,152.5,12.4,2004
164,8/14/2004,99,74,25,2004
165,8/15/2004,164.8,152.5,12.3,2004
166,8/15/2004,116.2,74,42.2,2004
167,8/15/2004,99.8,74,25.8,2004
168,8/16/2004,134.3,132,2.3,2004
169,8/16/2004,133.4,132,1.4,2004
170,8/16/2004,127.6,116.2,11.4,2004
171,8/16/2004,96.8,74,22.8,2004
172,8/2/2004,164,152.5,11.5,2004
173,8/2/2004,161.4,152.5,8.9,2004
174,8/22/2004,164.9,152.5,12.4,2004
175,8/23/2004,167.4,152.5,14.9,2004
176,8/23/2004,167.3,152.5,14.8,2004
177,8/23/2004,165.1,152.5,12.6,2004
178,8/24/2004,166.5,152.5,14,2004
179,8/24/2004,165.1,152.5,12.6,2004
180,8/25/2004,167.3,152.5,14.8,2004
181,8/25/2004,166.5,152.5,14,2004
182,8/25/2004,165.1,152.5,12.6,2004
183,8/27/2004,167.3,152.5,14.8,2004
184,8/27/2004,140.8,132,8.8,2004
185,8/28/2004,135.4,132,3.4,2004
186,8/29/2004,166.8,152.5,14.3,2004
187,8/3/2004,81.4,74,7.4,2004
188,8/4/2004,155.9,152.5,3.4,2004
189,8/5/2004,155.9,152.5,3.4,2004
190,8/6/2004,155.9,152.5,3.4,2004
191,8/7/2004,162.9,152.5,10.4,2004
192,8/8/2004,163.9,152.5,11.4,2004
193,8/8/2004,163.6,152.5,11.1,2004
194,8/9/2004,164.3,152.5,11.8,2004
195,8/9/2004,164,152.5,11.5,2004
196,9/1/2004,104.5,74,30.5,2004
197,9/10/2004,110.1,74,36.1,2004
198,9/10/2004,110.1,74,36.1,2004
199,9/11/2004,109.5,74,35.5,2004
200,9/11/2004,98.5,74,24.5,2004
201,9/12/2004,99.1,74,25.1,2004
202,9/12/2004,99.1,74,25.1,2004
203,9/13/2004,109.1,74,35.1,2004
204,9/13/2004,99.5,74,25.5,2004
205,9/14/2004,109.1,74,35.1,2004
206,9/14/2004,99.5,74,25.5,2004
207,9/15/2004,109.8,74,35.8,2004
208,9/15/2004,99.5,74,25.5,2004
209,9/15/2004,99.5,74,25.5,2004
210,9/16/2004,137,132,5,2004
211,9/16/2004,109.8,74,35.8,2004
212,9/17/2004,110,74,36,2004
213,9/17/2004,99.8,74,25.8,2004
214,9/18/2004,110,74,36,2004
215,9/18/2004,99.8,74,25.8,2004
216,9/19/2004,109.1,74,35.1,2004
217,9/19/2004,99.8,74,25.8,2004
218,9/20/2004,109.1,74,35.1,2004
219,9/20/2004,99.8,74,25.8,2004
220,9/21/2004,109.1,74,35.1,2004
221,9/21/2004,99.8,74,25.8,2004
222,9/22/2004,163.8,152.5,11.3,2004
223,9/22/2004,108.9,74,34.9,2004
224,9/22/2004,99.8,74,25.8,2004
225,9/23/2004,164.3,152.5,11.8,2004
226,9/23/2004,108.9,74,34.9,2004
227,9/23/2004,99.8,74,25.8,2004
228,9/24/2004,164.5,152.5,12,2004
229,9/24/2004,108.9,74,34.9,2004
230,9/24/2004,99.8,74,25.8,2004
231,9/25/2004,108.2,74,34.2,2004
232,9/25/2004,99.8,74,25.8,2004
233,9/26/2004,164.9,152.5,12.4,2004
234,9/26/2004,108.2,74,34.2,2004
235,9/26/2004,99.8,74,25.8,2004
236,9/27/2004,107.6,74,33.6,2004
237,9/27/2004,99.8,74,25.8,2004
238,9/29/2004,99.8,74,25.8,2004
239,9/3/2004,105.8,74,31.8,2004
240,9/3/2004,100.1,74,26.1,2004
241,9/30/2004,107.6,74,33.6,2004
242,9/30/2004,99.8,74,25.8,2004
243,9/7/2004,135.4,132,3.4,2004
244,9/7/2004,106.2,74,32.2,2004
245,9/7/2004,99,74,25,2004
246,9/8/2004,163.6,152.5,11.1,2004
247,9/8/2004,161.4,152.5,8.9,2004
248,9/8/2004,98.9,74,24.9,2004
249,9/9/2004,108.9,74,34.9,2004
250,9/9/2004,98.5,74,24.5,2004
251,10/30/2005,58.6,57.5,1.1,2005
252,10/31/2005,72.5,57.5,15,2005
253,7/23/2005,72.2,57.5,14.7,2005
254,7/24/2005,76.2,74,2.2,2005
255,7/26/2005,77.5,74,3.5,2005
256,7/26/2005,72,57.5,14.5,2005
257,7/27/2005,77.5,74,3.5,2005
258,7/28/2005,81.6,74,7.6,2005
259,7/29/2005,84.4,74,10.4,2005
260,7/29/2005,83.2,74,9.2,2005
261,7/30/2005,85.8,74,11.8,2005
262,7/31/2005,84.8,74,10.8,2005
263,8/1/2005,84.8,74,10.8,2005
264,8/1/2005,65,57.5,7.5,2005
265,8/1/2005,65,57.5,7.5,2005
266,8/1/2005,64.6,57.5,7.1,2005
267,8/1/2005,64,57.5,6.5,2005
268,8/10/2005,92.6,74,18.6,2005
269,8/10/2005,84.8,74,10.8,2005
270,8/11/2005,92.1,74,18.1,2005
271,8/13/2005,75.8,74,1.8,2005
272,8/14/2005,72.6,57.5,15.1,2005
273,8/15/2005,69.5,57.5,12,2005
274,8/16/2005,67.8,57.5,10.3,2005
275,8/2/2005,91,74,17,2005
276,8/2/2005,64.9,57.5,7.4,2005
277,8/24/2005,72.1,57.5,14.6,2005
278,8/24/2005,71.8,57.5,14.3,2005
279,8/27/2005,155.3,152.5,2.8,2005
280,8/27/2005,86.1,74,12.1,2005
281,8/28/2005,155.9,152.5,3.4,2005
282,8/28/2005,83,74,9,2005
283,8/29/2005,83,74,9,2005
284,8/29/2005,82.9,74,8.9,2005
285,8/3/2005,91.4,74,17.4,2005
286,8/3/2005,85.1,74,11.1,2005
287,8/3/2005,83.2,74,9.2,2005
288,8/3/2005,64.8,57.5,7.3,2005
289,8/30/2005,82.1,74,8.1,2005
290,8/31/2005,81.9,74,7.9,2005
291,8/4/2005,91.6,74,17.6,2005
292,8/4/2005,85.3,74,11.3,2005
293,8/5/2005,92.7,74,18.7,2005
294,8/6/2005,85.1,74,11.1,2005
295,8/7/2005,92.4,74,18.4,2005
296,8/8/2005,91.1,74,17.1,2005
297,8/9/2005,92.3,74,18.3,2005
298,8/9/2005,92,74,18,2005
299,9/1/2005,81.9,74,7.9,2005
300,9/14/2005,80,74,6,2005
301,9/15/2005,90.6,74,16.6,2005
302,9/15/2005,85.1,74,11.1,2005
303,9/16/2005,90,74,16,2005
304,9/16/2005,87.7,74,13.7,2005
305,9/16/2005,84.2,74,10.2,2005
306,9/17/2005,90.9,74,16.9,2005
307,9/17/2005,85.1,74,11.1,2005
308,9/18/2005,91.1,74,17.1,2005
309,9/18/2005,84.6,74,10.6,2005
310,9/19/2005,90.9,74,16.9,2005
311,9/19/2005,84.4,74,10.4,2005
312,9/2/2005,81.9,74,7.9,2005
313,9/20/2005,91.2,74,17.2,2005
314,9/20/2005,84.3,74,10.3,2005
315,9/21/2005,93.5,74,19.5,2005
316,9/23/2005,84.6,74,10.6,2005
317,9/24/2005,152.5,152.5,0,2005
318,9/24/2005,94.5,74,20.5,2005
319,9/24/2005,84.4,74,10.4,2005
320,9/26/2005,94.4,74,20.4,2005
321,9/26/2005,84.3,74,10.3,2005
322,9/27/2005,94.6,74,20.6,2005
323,9/27/2005,84.3,74,10.3,2005
324,9/27/2005,68.6,57.5,11.1,2005
325,9/28/2005,95.9,74,21.9,2005
326,9/28/2005,84.3,74,10.3,2005
327,9/29/2005,94.9,74,20.9,2005
328,9/29/2005,84.2,74,10.2,2005
329,9/29/2005,73.9,57.5,16.4,2005
330,9/29/2005,68.6,57.5,11.1,2005
331,9/3/2005,82.9,74,8.9,2005
332,9/30/2005,72.1,57.5,14.6,2005
333,10/1/2006,88.3,74,14.3,2006
334,10/1/2006,87.2,74,13.2,2006
335,10/4/2006,86.3,74,12.3,2006
336,10/5/2006,156.2,152.5,3.7,2006
337,10/5/2006,88.5,74,14.5,2006
338,10/6/2006,156.7,152.5,4.2,2006
339,10/6/2006,88.9,74,14.9,2006
340,10/7/2006,90,74,16,2006
341,10/8/2006,89.8,74,15.8,2006
342,5/22/2006,78.4,74,4.4,2006
343,5/22/2006,77.7,74,3.7,2006
344,5/22/2006,77.7,74,3.7,2006
345,5/23/2006,78.3,74,4.3,2006
346,5/24/2006,76.6,74,2.6,2006
347,5/25/2006,74.6,74,0.6,2006
348,5/26/2006,74.5,74,0.5,2006
349,5/27/2006,74.8,74,0.8,2006
350,5/27/2006,74.4,74,0.4,2006
351,6/15/2006,75.6,74,1.6,2006
352,6/16/2006,76.8,74,2.8,2006
353,6/16/2006,76,74,2,2006
354,6/16/2006,75.3,74,1.3,2006
355,6/16/2006,74.7,74,0.7,2006
356,6/17/2006,81.4,74,7.4,2006
357,6/17/2006,80.7,74,6.7,2006
358,6/17/2006,79.8,74,5.8,2006
359,6/18/2006,81.8,74,7.8,2006
360,6/18/2006,80,74,6,2006
361,6/19/2006,81.4,74,7.4,2006
362,6/19/2006,80.6,74,6.6,2006
363,6/19/2006,79.9,74,5.9,2006
364,6/20/2006,82.1,74,8.1,2006
365,6/20/2006,81.4,74,7.4,2006
366,6/21/2006,81.6,74,7.6,2006
367,6/22/2006,83,74,9,2006
368,6/23/2006,84,74,10,2006
369,6/24/2006,85.7,74,11.7,2006
370,6/25/2006,88.1,74,14.1,2006
371,6/26/2006,89.6,74,15.6,2006
372,7/20/2006,159.5,152.5,7,2006
373,7/20/2006,77.2,74,3.2,2006
374,7/23/2006,87.1,74,13.1,2006
375,7/24/2006,84.2,74,10.2,2006
376,7/25/2006,86.9,74,12.9,2006
377,7/25/2006,84.4,74,10.4,2006
378,7/26/2006,92.3,74,18.3,2006
379,7/27/2006,84.3,74,10.3,2006
380,7/6/2006,80,74,6,2006
381,9/19/2006,75.8,74,1.8,2006
382,9/21/2006,83.3,74,9.3,2006
383,9/22/2006,81,74,7,2006
384,9/23/2006,80.5,74,6.5,2006
385,9/24/2006,80.3,74,6.3,2006
386,9/25/2006,80.5,74,6.5,2006
387,9/26/2006,154.9,152.5,2.4,2006
388,9/27/2006,154.9,152.5,2.4,2006
389,9/27/2006,74.5,74,0.5,2006
390,9/28/2006,154,152.5,1.5,2006
391,9/28/2006,78.8,74,4.8,2006
392,9/29/2006,154,152.5,1.5,2006
393,9/30/2006,83.2,74,9.2,2006
394,10/10/2007,81,74,7,2007
395,10/10/2007,155.5,152.5,3,2007
396,10/11/2007,155.5,152.5,3,2007
397,10/12/2007,155.5,152.5,3,2007
398,10/13/2007,155.5,152.5,3,2007
399,10/14/2007,155,152.5,2.5,2007
400,10/15/2007,155,152.5,2.5,2007
401,10/16/2007,155,152.5,2.5,2007
402,10/17/2007,155.5,152.5,3,2007
403,10/18/2007,155,152.5,2.5,2007
404,10/19/2007,157,152.5,4.5,2007
405,10/20/2007,158,152.5,5.5,2007
406,10/21/2007,159,152.5,6.5,2007
407,10/22/2007,160,152.5,7.5,2007
408,10/23/2007,160,152.5,7.5,2007
409,10/24/2007,157,152.5,4.5,2007
410,10/25/2007,159,152.5,6.5,2007
411,10/26/2007,159.5,152.5,7,2007
412,10/27/2007,159,152.5,6.5,2007
413,10/28/2007,159,152.5,6.5,2007
414,10/29/2007,158.5,152,6.5,2007
415,10/3/2007,82.5,74,8.5,2007
416,10/30/2007,158.5,152.5,6,2007
417,10/31/2007,160,152.5,7.5,2007
418,10/4/2007,78.5,74,4.5,2007
419,10/5/2007,156,152.5,3.5,2007
420,10/6/2007,82,74,8,2007
421,10/6/2007,155.5,152.5,3,2007
422,10/9/2007,82,74,8,2007
423,10/9/2007,155.5,152.5,3,2007
424,6/30/2007,76.5,74,2.5,2007
425,7/1/2007,76.5,74,2.5,2007
426,7/14/2007,88.5,74,14.5,2007
427,7/15/2007,90,74,16,2007
428,7/16/2007,90,74,16,2007
429,7/17/2007,90,74,16,2007
430,7/18/2007,91.5,74,17.5,2007
431,7/19/2007,93,74,19,2007
432,7/2/2007,84.5,74,10.5,2007
433,7/20/2007,95,74,21,2007
434,7/23/2007,98,74,24,2007
435,7/24/2007,96,74,22,2007
436,7/25/2007,83.5,74,9.5,2007
437,7/3/2007,84.5,74,10.5,2007
438,7/4/2007,88,74,14,2007
439,7/5/2007,85.5,74,11.5,2007
440,7/6/2007,84,74,10,2007
441,7/7/2007,74,74,0,2007
442,7/9/2007,159.1,152.5,6.6,2007
443,8/12/2007,154,152.5,1.5,2007
444,8/13/2007,153,152.5,0.5,2007
445,8/14/2007,154,152.5,1.5,2007
446,8/15/2007,155.5,152.5,3,2007
447,8/16/2007,158.5,152.5,6,2007
448,8/17/2007,96.5,90.5,6,2007
449,8/17/2007,158,152.5,5.5,2007
450,8/18/2007,91,90.5,0.5,2007
451,8/18/2007,152.5,152.5,0,2007
452,8/19/2007,89,84,5,2007
453,8/19/2007,161,152.5,8.5,2007
454,8/2/2007,78,74,4,2007
455,8/20/2007,80,74,6,2007
456,8/20/2007,89,84,5,2007
457,8/20/2007,161,152.5,8.5,2007
458,8/21/2007,89.5,74,15.5,2007
459,8/21/2007,152.5,152.5,0,2007
460,8/22/2007,89.5,74,15.5,2007
461,8/22/2007,152.5,152.5,0,2007
462,8/23/2007,90.5,74,16.5,2007
463,8/23/2007,152.5,152.5,0,2007
464,8/24/2007,90.5,74,16.5,2007
465,8/24/2007,158.5,152.5,6,2007
466,8/25/2007,92,74,18,2007
467,8/25/2007,153,152.5,0.5,2007
468,8/26/2007,85.5,76.5,9,2007
469,8/27/2007,86,76.5,9.5,2007
470,8/27/2007,158.5,152.5,6,2007
471,8/28/2007,157,152.5,4.5,2007
472,8/29/2007,91,74,17,2007
473,8/29/2007,152.5,152.5,0,2007
474,8/30/2007,152.5,152.5,0,2007
475,8/31/2007,158.5,152.5,6,2007
476,9/1/2007,155,152.5,2.5,2007
477,9/10/2007,161,152.5,8.5,2007
478,9/11/2007,152.5,152.5,0,2007
479,9/12/2007,152.5,152.5,0,2007
480,9/13/2007,152.5,152.5,0,2007
481,9/14/2007,152.5,152.5,0,2007
482,9/15/2007,152.5,152.5,0,2007
483,9/16/2007,152.5,152.5,0,2007
484,9/17/2007,152.5,152.5,0,2007
485,9/18/2007,161,152.5,8.5,2007
486,9/19/2007,152.5,152.5,0,2007
487,9/2/2007,153,152.5,0.5,2007
488,9/20/2007,90.5,74,16.5,2007
489,9/20/2007,152.5,152.5,0,2007
490,9/29/2007,159.5,152.5,7,2007
491,9/30/2007,160,152.5,7.5,2007
492,9/6/2007,159,152.5,6.5,2007
493,9/7/2007,159.5,152.5,7,2007
494,9/8/2007,160,152.5,7.5,2007
495,9/9/2007,161,152.5,8.5,2007
496,8/13/2008,149.5,149.5,0,2008
497,8/14/2008,149.5,149.5,0,2008
498,8/15/2008,152.5,149.5,3,2008
499,8/16/2008,134,130.5,3.5,2008
500,10/10/2009,78,74.5,3.5,2009
501,10/11/2009,78,74.5,3.5,2009
502,10/12/2009,77,74.5,2.5,2009
503,10/18/2009,78,74.5,3.5,2009
504,10/4/2009,81.5,74.5,7,2009
505,10/5/2009,77,74.5,2.5,2009
506,10/6/2009,77,74.5,2.5,2009
507,10/7/2009,82,74.5,7.5,2009
508,10/8/2009,82,74.5,7.5,2009
509,10/9/2009,78,74.5,3.5,2009
510,7/19/2009,74,74,0,2009
511,7/20/2009,79,74,5,2009
512,7/21/2009,79.5,74,5.5,2009
513,7/22/2009,80,74,6,2009
514,7/23/2009,82,74,8,2009
515,7/24/2009,82,74,8,2009
516,7/25/2009,80,74,6,2009
517,7/26/2009,78.5,74,4.5,2009
518,7/27/2009,77.5,74,3.5,2009
519,7/28/2009,76.5,74,2.5,2009
520,8/10/2009,79,74.5,4.5,2009
521,8/11/2009,74.5,74.5,0,2009
522,8/11/2009,85,85,0,2009
523,8/12/2009,84,74.5,9.5,2009
524,8/13/2009,82.5,74.5,8,2009
525,8/14/2009,83,74.5,8.5,2009
526,8/15/2009,81,74.5,6.5,2009
527,8/16/2009,81,74.5,6.5,2009
528,8/17/2009,80.5,74.5,6,2009
529,8/18/2009,77.5,74.5,3,2009
530,8/21/2009,75,74.5,0.5,2009
531,8/22/2009,90,85,5,2009
532,8/23/2009,81,74.5,6.5,2009
533,8/23/2009,86.5,85.5,1,2009
534,8/24/2009,84,74.5,9.5,2009
535,8/25/2009,80,74.5,5.5,2009
536,8/6/2009,82,74.5,7.5,2009
537,8/7/2009,79,74.5,4.5,2009
538,8/8/2009,79.5,74.5,5,2009
539,8/9/2009,84,74.5,9.5,2009
540,9/3/2009,81.5,74.5,7,2009
541,9/3/2009,91,85.5,5.5,2009
542,9/4/2009,81.5,74.5,7,2009
543,9/4/2009,91,85.5,5.5,2009
544,9/5/2009,82,74.5,7.5,2009
545,9/5/2009,92,85.5,6.5,2009
546,9/6/2009,82,74.5,7.5,2009
547,9/6/2009,90.5,85.5,5,2009
548,9/7/2009,80.5,74.5,6,2009
549,10/10/2010,89.5,74,15.5,2010
550,10/10/2010,159.5,152.5,7,2010
551,10/11/2010,89.5,74,15.5,2010
552,10/11/2010,160,152.5,7.5,2010
553,10/12/2010,89.5,74,15.5,2010
554,10/12/2010,159.5,152.5,7,2010
555,10/13/2010,89.5,74,15.5,2010
556,10/13/2010,160.5,152.5,8,2010
557,10/14/2010,89,74,15,2010
558,10/14/2010,161,152.5,8.5,2010
559,10/15/2010,89,74,15,2010
560,10/15/2010,161,152.5,8.5,2010
561,10/16/2010,86.5,74,12.5,2010
562,10/16/2010,161,152.5,8.5,2010
563,10/17/2010,88,74,14,2010
564,10/17/2010,159.5,152.5,7,2010
565,10/18/2010,89.5,74,15.5,2010
566,10/18/2010,161,152.5,8.5,2010
567,10/19/2010,86,74,12,2010
568,10/19/2010,161,152.5,8.5,2010
569,10/2/2010,155.5,152.5,3,2010
570,10/20/2010,86.5,74,12.5,2010
571,10/20/2010,161,152.5,8.5,2010
572,10/21/2010,85,74,11,2010
573,10/22/2010,83.5,74,9.5,2010
574,10/27/2010,153,152.5,0.5,2010
575,10/3/2010,88,74,14,2010
576,10/3/2010,153.5,152.5,1,2010
577,10/4/2010,88,74,14,2010
578,10/5/2010,86,74,12,2010
579,10/6/2010,86,74,12,2010
580,10/7/2010,76.5,74,2.5,2010
581,10/7/2010,158,152.5,5.5,2010
582,10/8/2010,159.5,152.5,7,2010
583,10/9/2010,74,74,0,2010
584,10/9/2010,159.5,152.5,7,2010
585,6/28/2010,84,74,10,2010
586,7/11/2010,79.5,74,5.5,2010
587,7/12/2010,77.5,74,3.5,2010
588,7/13/2010,79,74,5,2010
589,7/14/2010,81.5,74,7.5,2010
590,7/15/2010,83.5,74,9.5,2010
591,7/16/2010,83.5,74,9.5,2010
592,7/17/2010,85,74,11,2010
593,7/18/2010,86.5,74,12.5,2010
594,7/19/2010,89,74,15,2010
595,7/20/2010,90,74,16,2010
596,7/21/2010,84.5,74,10.5,2010
597,7/22/2010,90,74,16,2010
598,7/23/2010,74,74,0,2010
599,7/24/2010,79,74,5,2010
600,8/14/2010,155,154,1,2010
601,8/15/2010,155.5,154,1.5,2010
602,8/16/2010,155.5,153.5,2,2010
603,8/21/2010,155,154,1,2010
604,8/22/2010,155.5,153.5,2,2010
605,8/23/2010,156,152.5,3.5,2010
606,8/27/2010,155.5,153,2.5,2010
607,8/28/2010,156,152.5,3.5,2010
608,8/29/2010,156.5,152.5,4,2010
609,8/30/2010,78.5,74,4.5,2010
610,8/30/2010,157,152.5,4.5,2010
611,8/31/2010,81,74,7,2010
612,8/31/2010,156.5,152.5,4,2010
613,9/10/2010,91.5,74,17.5,2010
614,9/10/2010,159,152.5,6.5,2010
615,9/11/2010,91.5,74,17.5,2010
616,9/11/2010,159,152.5,6.5,2010
617,9/12/2010,91.5,74,17.5,2010
618,9/12/2010,159,152.5,6.5,2010
619,9/13/2010,91,74,17,2010
620,9/13/2010,158.5,152.5,6,2010
621,9/14/2010,90.5,74,16.5,2010
622,9/14/2010,158,152.5,5.5,2010
623,9/15/2010,90.5,74,16.5,2010
624,9/15/2010,158.5,152.5,6,2010
625,9/16/2010,90.5,74,16.5,2010
626,9/16/2010,160,152.5,7.5,2010
627,9/17/2010,90.5,74,16.5,2010
628,9/17/2010,160.5,152.5,8,2010
629,9/18/2010,90.5,74,16.5,2010
630,9/18/2010,161,152.5,8.5,2010
631,9/19/2010,94,74,20,2010
632,9/19/2010,160.5,152.5,8,2010
633,9/2/2010,81,74,7,2010
634,9/20/2010,94.5,74,20.5,2010
635,9/20/2010,159,152.5,6.5,2010
636,9/21/2010,93.5,74,19.5,2010
637,9/21/2010,157.5,152.5,5,2010
638,9/22/2010,91.5,74,17.5,2010
639,9/22/2010,156,152.5,3.5,2010
640,9/23/2010,90,74,16,2010
641,9/24/2010,81,74,7,2010
642,9/3/2010,81.5,74,7.5,2010
643,9/3/2010,155.5,152.5,3,2010
644,9/4/2010,79,74,5,2010
645,9/4/2010,157.5,152.5,5,2010
646,9/5/2010,81,74,7,2010
647,9/5/2010,157.5,152.5,5,2010
648,9/6/2010,84,74,10,2010
649,9/6/2010,158,152.5,5.5,2010
650,9/7/2010,88,74,14,2010
651,9/7/2010,158.5,152.5,6,2010
652,9/8/2010,90.5,74,16.5,2010
653,9/8/2010,158.5,152.5,6,2010
654,9/9/2010,91,74,17,2010
655,9/9/2010,158.5,152.5,6,2010
656,10/1/2011,94,74,20,2011
657,10/1/2011,163,152,11,2011
658,10/18/2011,154.5,153.5,1,2011
659,10/19/2011,162,152.5,9.5,2011
660,10/2/2011,94.5,74,20.5,2011
661,10/2/2011,163,152,11,2011
662,10/20/2011,161,152.5,8.5,2011
663,10/21/2011,161,152.5,8.5,2011
664,10/22/2011,87,74,13,2011
665,10/22/2011,162.5,152.5,10,2011
666,10/23/2011,84.5,74,10.5,2011
667,10/23/2011,160,152.5,7.5,2011
668,10/24/2011,87,74,13,2011
669,10/24/2011,159.5,152.5,7,2011
670,10/25/2011,87,74,13,2011
671,10/25/2011,162,152.5,9.5,2011
672,10/26/2011,86.5,74,12.5,2011
673,10/26/2011,163,152.5,10.5,2011
674,10/27/2011,86.5,74,12.5,2011
675,10/27/2011,163.5,152.5,11,2011
676,10/28/2011,84,74,10,2011
677,10/28/2011,161,152.5,8.5,2011
678,10/29/2011,83.5,74,9.5,2011
679,10/29/2011,154.5,152.5,2,2011
680,10/3/2011,94.5,74,20.5,2011
681,10/3/2011,152,152,0,2011
682,10/30/2011,79.5,74,5.5,2011
683,10/31/2011,78.5,74,4.5,2011
684,10/4/2011,94,74,20,2011
685,10/4/2011,163,152,11,2011
686,10/5/2011,94.5,74,20.5,2011
687,10/5/2011,152.5,152.5,0,2011
688,10/6/2011,155,152,3,2011
689,10/7/2011,155,152.5,2.5,2011
690,10/8/2011,153.5,152.5,1,2011
691,4/22/2011,81.5,74,7.5,2011
692,4/23/2011,79.5,74,5.5,2011
693,4/24/2011,75,74,1,2011
694,4/25/2011,74,74,0,2011
695,6/25/2011,79,74,5,2011
696,6/26/2011,82,74,8,2011
697,6/27/2011,83,74,9,2011
698,6/28/2011,84.5,74,10.5,2011
699,6/29/2011,87,74,13,2011
700,6/30/2011,89.5,74,15.5,2011
701,7/1/2011,92.5,74,18.5,2011
702,7/10/2011,98.5,74,24.5,2011
703,7/10/2011,154,152.5,1.5,2011
704,7/11/2011,99,74,25,2011
705,7/11/2011,154.5,152.5,2,2011
706,7/12/2011,99,74,25,2011
707,7/12/2011,154.5,152.5,2,2011
708,7/13/2011,99,74,25,2011
709,7/13/2011,154.5,152.5,2,2011
710,7/14/2011,99,74,25,2011
711,7/15/2011,99,74,25,2011
712,7/15/2011,154,153.5,0.5,2011
713,7/16/2011,99,74,25,2011
714,7/16/2011,155.5,152.5,3,2011
715,7/17/2011,99,74,25,2011
716,7/17/2011,156,152.5,3.5,2011
717,7/18/2011,99,74,25,2011
718,7/18/2011,156,152.5,3.5,2011
719,7/19/2011,99,74,25,2011
720,7/19/2011,157.5,152.5,5,2011
721,7/2/2011,94,74,20,2011
722,7/20/2011,99,74,25,2011
723,7/20/2011,158,152.5,5.5,2011
724,7/21/2011,99,74,25,2011
725,7/21/2011,158,152,6,2011
726,7/22/2011,99,74,25,2011
727,7/22/2011,157.5,152.5,5,2011
728,7/23/2011,99,74,25,2011
729,7/23/2011,157.5,152,5.5,2011
730,7/24/2011,99,74,25,2011
731,7/24/2011,156,152,4,2011
732,7/25/2011,99,74,25,2011
733,7/25/2011,154,152.5,1.5,2011
734,7/26/2011,99,74,25,2011
735,7/27/2011,100.5,74,26.5,2011
736,7/3/2011,95.5,74,21.5,2011
737,7/30/2011,156,153,3,2011
738,7/31/2011,155.5,152.5,3,2011
739,7/4/2011,95.5,74,21.5,2011
740,7/5/2011,96.5,74,22.5,2011
741,7/6/2011,97.5,74,23.5,2011
742,7/7/2011,98,74,24,2011
743,7/8/2011,98,74,24,2011
744,7/9/2011,98,74,24,2011
745,7/9/2011,154,153.5,0.5,2011
746,8/1/2011,155,152,3,2011
747,8/10/2011,159,152,7,2011
748,8/11/2011,92.5,74,18.5,2011
749,8/11/2011,161,152,9,2011
750,8/12/2011,98.5,74,24.5,2011
751,8/12/2011,152,152,0,2011
752,8/13/2011,98.5,74,24.5,2011
753,8/13/2011,164,152,12,2011
754,8/14/2011,98.5,74,24.5,2011
755,8/14/2011,165,152,13,2011
756,8/15/2011,100,74,26,2011
757,8/15/2011,152.5,152.5,0,2011
758,8/16/2011,100.5,74,26.5,2011
759,8/16/2011,158.5,152.5,6,2011
760,8/17/2011,101,74,27,2011
761,8/17/2011,159.5,152.5,7,2011
762,8/18/2011,101,74,27,2011
763,8/18/2011,159,152.5,6.5,2011
764,8/19/2011,84,74,10,2011
765,8/19/2011,155,152.5,2.5,2011
766,8/20/2011,154.5,152.5,2,2011
767,8/30/2011,163,152.5,10.5,2011
768,8/8/2011,157.5,152.5,5,2011
769,8/9/2011,158.5,152.5,6,2011
770,9/1/2011,164,152.5,11.5,2011
771,9/10/2011,163,152.5,10.5,2011
772,9/11/2011,163,152.5,10.5,2011
773,9/13/2011,163,152.5,10.5,2011
774,9/15/2011,162.5,152.5,10,2011
775,9/16/2011,159.5,152.5,7,2011
776,9/17/2011,162,152.5,9.5,2011
777,9/18/2011,160,152.5,7.5,2011
778,9/19/2011,159,152.5,6.5,2011
779,9/2/2011,165,152.5,12.5,2011
780,9/20/2011,162,152.5,9.5,2011
781,9/21/2011,162,152.5,9.5,2011
782,9/22/2011,162,152.5,9.5,2011
783,9/23/2011,162,152.5,9.5,2011
784,9/24/2011,162.5,152.5,10,2011
785,9/25/2011,162.5,152.5,10,2011
786,9/27/2011,79,77.5,1.5,2011
787,9/27/2011,163,152,11,2011
788,9/28/2011,84,74,10,2011
789,9/28/2011,163,152,11,2011
790,9/29/2011,93.5,74,19.5,2011
791,9/29/2011,163,152.5,10.5,2011
792,9/3/2011,165,152.5,12.5,2011
793,9/30/2011,93.5,74,19.5,2011
794,9/30/2011,152,152,0,2011
795,9/4/2011,165,152.5,12.5,2011
796,9/5/2011,163.5,152.5,11,2011
797,9/6/2011,165,152.5,12.5,2011
798,9/7/2011,163,152.5,10.5,2011
799,9/8/2011,163,152.5,10.5,2011
800,10/1/2012,100.5,74,26.5,2012
801,10/1/2012,137.5,132,5.5,2012
802,10/1/2012,164.5,151.5,13,2012
803,10/10/2012,100.5,74,26.5,2012
804,10/10/2012,137.5,132,5.5,2012
805,10/10/2012,167.5,151,16.5,2012
806,10/11/2012,100.5,74,26.5,2012
807,10/11/2012,137.5,132,5.5,2012
808,10/11/2012,167.5,151,16.5,2012
809,10/12/2012,100.5,74,26.5,2012
810,10/12/2012,137.5,132,5.5,2012
811,10/12/2012,167.5,151,16.5,2012
812,10/13/2012,99.5,74,25.5,2012
813,10/13/2012,137.5,132,5.5,2012
814,10/13/2012,167.5,151,16.5,2012
815,10/14/2012,99.5,74,25.5,2012
816,10/14/2012,137.5,132,5.5,2012
817,10/14/2012,167.5,151,16.5,2012
818,10/15/2012,99.5,74,25.5,2012
819,10/15/2012,137.5,132,5.5,2012
820,10/15/2012,167.5,152.5,15,2012
821,10/16/2012,87.5,74,13.5,2012
822,10/16/2012,137,132,5,2012
823,10/16/2012,165,151.5,13.5,2012
824,10/17/2012,86,74,12,2012
825,10/17/2012,137,132,5,2012
826,10/17/2012,164.5,151.5,13,2012
827,10/18/2012,92.5,74,18.5,2012
828,10/18/2012,137,132,5,2012
829,10/18/2012,163.5,151.5,12,2012
830,10/19/2012,92.5,74,18.5,2012
831,10/19/2012,137,132,5,2012
832,10/19/2012,163.5,151.5,12,2012
833,10/2/2012,100.5,74,26.5,2012
834,10/2/2012,137.5,132,5.5,2012
835,10/2/2012,164.5,151.5,13,2012
836,10/20/2012,92.5,74,18.5,2012
837,10/20/2012,136.5,133,3.5,2012
838,10/20/2012,163.5,151.5,12,2012
839,10/21/2012,91,74,17,2012
840,10/21/2012,136.5,133,3.5,2012
841,10/21/2012,163,151.5,11.5,2012
842,10/22/2012,91,74,17,2012
843,10/22/2012,136.5,133,3.5,2012
844,10/22/2012,163,151.5,11.5,2012
845,10/23/2012,91,74,17,2012
846,10/23/2012,136.5,133,3.5,2012
847,10/23/2012,163,151.5,11.5,2012
848,10/24/2012,90,74,16,2012
849,10/24/2012,136.5,133,3.5,2012
850,10/24/2012,163,151.5,11.5,2012
851,10/25/2012,88,74,14,2012
852,10/25/2012,136.5,133,3.5,2012
853,10/25/2012,163,151.5,11.5,2012
854,10/26/2012,87.5,74,13.5,2012
855,10/26/2012,136.5,133,3.5,2012
856,10/26/2012,163,151.5,11.5,2012
857,10/27/2012,87.5,74,13.5,2012
858,10/27/2012,136,133,3,2012
859,10/27/2012,162.5,151.5,11,2012
860,10/28/2012,87.5,74,13.5,2012
861,10/28/2012,136,133,3,2012
862,10/28/2012,162,151.5,10.5,2012
863,10/29/2012,87.5,74,13.5,2012
864,10/29/2012,136,133,3,2012
865,10/29/2012,161,152.5,8.5,2012
866,10/3/2012,100.5,74,26.5,2012
867,10/3/2012,137.5,132,5.5,2012
868,10/3/2012,164.5,151.5,13,2012
869,10/30/2012,87,74,13,2012
870,10/30/2012,135.5,133,2.5,2012
871,10/30/2012,161.5,152.5,9,2012
872,10/31/2012,87,74,13,2012
873,10/31/2012,135,133,2,2012
874,10/31/2012,161,152,9,2012
875,10/4/2012,100.5,74,26.5,2012
876,10/4/2012,137.5,132,5.5,2012
877,10/4/2012,164.5,151.5,13,2012
878,10/5/2012,100.5,74,26.5,2012
879,10/5/2012,138,132,6,2012
880,10/5/2012,164,151,13,2012
881,10/6/2012,100.5,74,26.5,2012
882,10/6/2012,138,132,6,2012
883,10/6/2012,164,151,13,2012
884,10/7/2012,100.5,74,26.5,2012
885,10/7/2012,137.5,132,5.5,2012
886,10/7/2012,164,151,13,2012
887,10/8/2012,100.5,74,26.5,2012
888,10/8/2012,137.5,132,5.5,2012
889,10/8/2012,163.5,151,12.5,2012
890,10/9/2012,100.5,74,26.5,2012
891,10/9/2012,137.5,132,5.5,2012
892,10/9/2012,167,151,16,2012
893,6/16/2012,81.5,74,7.5,2012
894,6/17/2012,81.5,74,7.5,2012
895,6/18/2012,81.5,74,7.5,2012
896,6/19/2012,83,74,9,2012
897,6/20/2012,84,74,10,2012
898,6/21/2012,86.5,74,12.5,2012
899,6/22/2012,85.5,74,11.5,2012
900,6/23/2012,89,74,15,2012
901,6/24/2012,89.5,74,15.5,2012
902,6/25/2012,91,74,17,2012
903,6/26/2012,91,74,17,2012
904,6/27/2012,91.5,74,17.5,2012
905,6/28/2012,93,74,19,2012
906,6/29/2012,94.5,74,20.5,2012
907,6/30/2012,96,74,22,2012
908,7/1/2012,96,74,22,2012
909,7/11/2012,154,153.5,0.5,2012
910,7/15/2012,153.5,153.5,0,2012
911,7/16/2012,156.5,152.5,4,2012
912,7/17/2012,157.5,152,5.5,2012
913,7/18/2012,158.5,152.5,6,2012
914,7/19/2012,158.5,152,6.5,2012
915,7/2/2012,96.5,74,22.5,2012
916,7/20/2012,81.5,74,7.5,2012
917,7/20/2012,137,133,4,2012
918,7/20/2012,158.5,151.5,7,2012
919,7/21/2012,90,74,16,2012
920,7/21/2012,136,133,3,2012
921,7/21/2012,159,151.5,7.5,2012
922,7/22/2012,96,74,22,2012
923,7/22/2012,138,133,5,2012
924,7/22/2012,162,151,11,2012
925,7/23/2012,96,74,22,2012
926,7/23/2012,137,133,4,2012
927,7/23/2012,162,151,11,2012
928,7/24/2012,98.5,74,24.5,2012
929,7/24/2012,137,133,4,2012
930,7/24/2012,162,151,11,2012
931,7/25/2012,99,74,25,2012
932,7/25/2012,138,133,5,2012
933,7/25/2012,162,162,0,2012
934,7/26/2012,101.5,74,27.5,2012
935,7/26/2012,137,133,4,2012
936,7/27/2012,101.5,74,27.5,2012
937,7/27/2012,135.5,133,2.5,2012
938,7/28/2012,101.5,74,27.5,2012
939,7/28/2012,135,133,2,2012
940,7/29/2012,101.5,74,27.5,2012
941,7/29/2012,135,133,2,2012
942,7/29/2012,163.5,152.5,11,2012
943,7/3/2012,97.5,74,23.5,2012
944,7/30/2012,103,74,29,2012
945,7/30/2012,135,133,2,2012
946,7/30/2012,164.5,152.5,12,2012
947,7/31/2012,99,74,25,2012
948,7/31/2012,164,152.5,11.5,2012
949,7/4/2012,98,74,24,2012
950,7/4/2012,153.5,153,0.5,2012
951,7/5/2012,98,74,24,2012
952,7/5/2012,153.5,152.5,1,2012
953,7/6/2012,98,74,24,2012
954,7/6/2012,155.5,152.5,3,2012
955,7/7/2012,94,74,20,2012
956,7/8/2012,96,74,22,2012
957,7/9/2012,94.5,74,20.5,2012
958,8/1/2012,74,74,0,2012
959,8/1/2012,134,133.5,0.5,2012
960,8/1/2012,164.5,152,12.5,2012
961,8/10/2012,105.5,74,31.5,2012
962,8/10/2012,138.5,133,5.5,2012
963,8/10/2012,167.5,152.5,15,2012
964,8/11/2012,105.5,74,31.5,2012
965,8/11/2012,137,133,4,2012
966,8/11/2012,167.5,152.5,15,2012
967,8/12/2012,105.5,74,31.5,2012
968,8/12/2012,137,133,4,2012
969,8/12/2012,167.5,151.5,16,2012
970,8/13/2012,105.5,74,31.5,2012
971,8/13/2012,136.5,133,3.5,2012
972,8/13/2012,167.5,151,16.5,2012
973,8/14/2012,105.5,74,31.5,2012
974,8/14/2012,138.5,133,5.5,2012
975,8/14/2012,167.5,151,16.5,2012
976,8/15/2012,105.5,74,31.5,2012
977,8/15/2012,138.5,133,5.5,2012
978,8/15/2012,167.5,151,16.5,2012
979,8/16/2012,105.5,74,31.5,2012
980,8/16/2012,138.5,133,5.5,2012
981,8/16/2012,167.5,151,16.5,2012
982,8/17/2012,105.5,74,31.5,2012
983,8/17/2012,138,133,5,2012
984,8/17/2012,167.5,151,16.5,2012
985,8/18/2012,105.5,74,31.5,2012
986,8/18/2012,138,133,5,2012
987,8/19/2012,99,74,25,2012
988,8/19/2012,163.5,152.5,11,2012
989,8/2/2012,92.5,74,18.5,2012
990,8/2/2012,137,133,4,2012
991,8/2/2012,167,151.5,15.5,2012
992,8/20/2012,105,74,31,2012
993,8/20/2012,166,152.5,13.5,2012
994,8/21/2012,102.5,74,28.5,2012
995,8/21/2012,165.5,152.5,13,2012
996,8/22/2012,97.5,74,23.5,2012
997,8/22/2012,168,152.5,15.5,2012
998,8/23/2012,90,74,16,2012
999,8/23/2012,164.5,152.5,12,2012
1000,8/24/2012,84,74,10,2012
1001,8/24/2012,164.5,152.5,12,2012
1002,8/25/2012,165,152.5,12.5,2012
1003,8/26/2012,165,152.5,12.5,2012
1004,8/27/2012,165,152.5,12.5,2012
1005,8/28/2012,165.5,152.5,13,2012
1006,8/29/2012,134,133.5,0.5,2012
1007,8/29/2012,165.5,151.5,14,2012
1008,8/3/2012,93,74,19,2012
1009,8/3/2012,137.5,133,4.5,2012
1010,8/3/2012,167.5,151,16.5,2012
1011,8/30/2012,137,133,4,2012
1012,8/30/2012,165.5,151.5,14,2012
1013,8/31/2012,77,74,3,2012
1014,8/31/2012,137.5,133,4.5,2012
1015,8/31/2012,165.5,151.5,14,2012
1016,8/4/2012,102,74,28,2012
1017,8/4/2012,138,133,5,2012
1018,8/4/2012,167,151,16,2012
1019,8/5/2012,87,74,13,2012
1020,8/5/2012,138,133,5,2012
1021,8/5/2012,167,151.5,15.5,2012
1022,8/6/2012,77,74,3,2012
1023,8/6/2012,136.5,133,3.5,2012
1024,8/6/2012,167,152.5,14.5,2012
1025,8/7/2012,103,74,29,2012
1026,8/7/2012,137,133,4,2012
1027,8/7/2012,167.5,152.5,15,2012
1028,8/8/2012,104,74,30,2012
1029,8/8/2012,138,133,5,2012
1030,8/8/2012,167.5,152.5,15,2012
1031,8/9/2012,104.5,74,30.5,2012
1032,8/9/2012,138,133,5,2012
1033,8/9/2012,167.5,151,16.5,2012
1034,9/1/2012,87,74,13,2012
1035,9/1/2012,138.5,133,5.5,2012
1036,9/1/2012,165.5,151.5,14,2012
1037,9/10/2012,104,74,30,2012
1038,9/10/2012,136.5,133,3.5,2012
1039,9/10/2012,167,152.5,14.5,2012
1040,9/11/2012,104,74,30,2012
1041,9/11/2012,134,133,1,2012
1042,9/11/2012,165.5,152,13.5,2012
1043,9/12/2012,104,74,30,2012
1044,9/12/2012,136,133,3,2012
1045,9/12/2012,165,151.5,13.5,2012
1046,9/13/2012,164.5,152,12.5,2012
1047,9/14/2012,164.5,152.5,12,2012
1048,9/15/2012,135.5,133,2.5,2012
1049,9/15/2012,164.5,151.5,13,2012
1050,9/16/2012,164.5,151.5,13,2012
1051,9/17/2012,137,133,4,2012
1052,9/17/2012,164.5,151.5,13,2012
1053,9/18/2012,87,74,13,2012
1054,9/18/2012,135.5,133,2.5,2012
1055,9/18/2012,164.5,151,13.5,2012
1056,9/19/2012,99,74,25,2012
1057,9/19/2012,137,132,5,2012
1058,9/19/2012,164.5,151,13.5,2012
1059,9/2/2012,94,74,20,2012
1060,9/2/2012,138.5,133,5.5,2012
1061,9/2/2012,165.5,151,14.5,2012
1062,9/20/2012,98,74,24,2012
1063,9/20/2012,137,132,5,2012
1064,9/20/2012,164.5,151,13.5,2012
1065,9/21/2012,99,74,25,2012
1066,9/21/2012,137,132,5,2012
1067,9/21/2012,164.5,151,13.5,2012
1068,9/22/2012,98,74,24,2012
1069,9/22/2012,137,132,5,2012
1070,9/22/2012,164.5,151,13.5,2012
1071,9/23/2012,100,74,26,2012
1072,9/23/2012,137.5,132,5.5,2012
1073,9/23/2012,164.5,151,13.5,2012
1074,9/24/2012,100,74,26,2012
1075,9/24/2012,138,132,6,2012
1076,9/24/2012,164.5,151,13.5,2012
1077,9/25/2012,100,74,26,2012
1078,9/25/2012,137.5,132,5.5,2012
1079,9/25/2012,164.5,151,13.5,2012
1080,9/26/2012,100,74,26,2012
1081,9/26/2012,137.5,132,5.5,2012
1082,9/26/2012,164.5,152.5,12,2012
1083,9/27/2012,100,74,26,2012
1084,9/27/2012,137.5,132,5.5,2012
1085,9/27/2012,164.5,152,12.5,2012
1086,9/28/2012,100,74,26,2012
1087,9/28/2012,137.5,132,5.5,2012
1088,9/28/2012,164.5,151.5,13,2012
1089,9/29/2012,100.5,74,26.5,2012
1090,9/29/2012,134,132,2,2012
1091,9/29/2012,164.5,151.5,13,2012
1092,9/3/2012,96,74,22,2012
1093,9/3/2012,138.5,133,5.5,2012
1094,9/3/2012,165.5,151,14.5,2012
1095,9/30/2012,100.5,74,26.5,2012
1096,9/30/2012,137,132,5,2012
1097,9/30/2012,164.5,151.5,13,2012
1098,9/4/2012,96.5,74,22.5,2012
1099,9/4/2012,138.5,133,5.5,2012
1100,9/4/2012,165.5,151,14.5,2012
1101,9/5/2012,98,74,24,2012
1102,9/5/2012,138.5,133,5.5,2012
1103,9/5/2012,165.5,151,14.5,2012
1104,9/6/2012,98,74,24,2012
1105,9/6/2012,138.5,132,6.5,2012
1106,9/6/2012,165.5,151,14.5,2012
1107,9/7/2012,98.5,74,24.5,2012
1108,9/7/2012,166,151,15,2012
1109,9/8/2012,104,74,30,2012
1110,9/8/2012,138,133,5,2012
1111,9/8/2012,166,151,15,2012
1112,9/9/2012,104,74,30,2012
1113,9/9/2012,137.5,133,4.5,2012
1114,9/9/2012,166,151,15,2012
1115,6/10/2013,87,74,13,2013
1116,6/11/2013,88.5,74,14.5,2013
1117,6/12/2013,88,74,14,2013
1118,6/13/2013,89,74,15,2013
1119,6/14/2013,90,74,16,2013
1120,6/15/2013,91,74,17,2013
1121,6/16/2013,93,74,19,2013
1122,6/17/2013,93,74,19,2013
1123,6/18/2013,93.5,74,19.5,2013
1124,6/19/2013,94.5,74,20.5,2013
1125,6/20/2013,95,74,21,2013
1126,6/21/2013,96,74,22,2013
1127,6/22/2013,96,74,22,2013
1128,6/22/2013,134,134,0,2013
1129,6/22/2013,134,134,0,2013
1130,6/23/2013,97,74,23,2013
1131,6/23/2013,135,133.5,1.5,2013
1132,6/23/2013,135,133.5,1.5,2013
1133,6/24/2013,97.5,74,23.5,2013
1134,6/24/2013,135,133,2,2013
1135,6/24/2013,135,133,2,2013
1136,6/25/2013,97.5,74,23.5,2013
1137,6/25/2013,135,133,2,2013
1138,6/25/2013,135,133,2,2013
1139,6/26/2013,98,74,24,2013
1140,6/26/2013,135,133,2,2013
1141,6/26/2013,135,133,2,2013
1142,6/27/2013,98,74,24,2013
1143,6/27/2013,135,133,2,2013
1144,6/27/2013,135,133,2,2013
1145,6/28/2013,98.5,74,24.5,2013
1146,6/28/2013,155.5,133,22.5,2013
1147,6/28/2013,133,133,0,2013
1148,6/29/2013,99,74,25,2013
1149,6/29/2013,133.5,133,0.5,2013
1150,6/29/2013,133.5,133,0.5,2013
1151,6/3/2013,77,74,3,2013
1152,6/30/2013,99,74,25,2013
1153,6/30/2013,156,151,5,2013
1154,6/4/2013,78,74,4,2013
1155,6/5/2013,81.5,74,7.5,2013
1156,6/6/2013,83,74,9,2013
1157,6/7/2013,83.5,74,9.5,2013
1158,6/8/2013,84,74,10,2013
1159,6/9/2013,85.5,74,11.5,2013
1160,7/1/2013,98.5,74,24.5,2013
1161,7/1/2013,156,151,5,2013
1162,7/10/2013,157.5,152,5.5,2013
1163,7/11/2013,87.5,74,13.5,2013
1164,7/11/2013,158,152,6,2013
1165,7/12/2013,158,152.5,5.5,2013
1166,7/13/2013,157.5,152.5,5,2013
1167,7/14/2013,157.5,152.5,5,2013
1168,7/15/2013,156,152.5,3.5,2013
1169,7/16/2013,156,152.5,3.5,2013
1170,7/17/2013,156,152.5,3.5,2013
1171,7/18/2013,156,152.5,3.5,2013
1172,7/19/2013,155.5,152.5,3,2013
1173,7/2/2013,98.5,74,24.5,2013
1174,7/2/2013,155,152,3,2013
1175,7/20/2013,155.5,152,3.5,2013
1176,7/23/2013,158,158,0,2013
1177,7/24/2013,155.5,152.5,3,2013
1178,7/25/2013,154.5,152.5,2,2013
1179,7/26/2013,154,152.5,1.5,2013
1180,7/3/2013,85,74,11,2013
1181,7/3/2013,156.5,151.5,5,2013
1182,7/4/2013,97,74,23,2013
1183,7/4/2013,157,151,6,2013
1184,7/5/2013,86.5,74,12.5,2013
1185,7/5/2013,157.5,151,6.5,2013
1186,7/6/2013,84,74,10,2013
1187,7/6/2013,157.5,151,6.5,2013
1188,7/7/2013,98.5,74,24.5,2013
1189,7/7/2013,133.5,133,0.5,2013
1190,7/7/2013,133.5,133,0.5,2013
1191,7/8/2013,98.5,74,24.5,2013
1192,7/8/2013,158,152.5,5.5,2013
1193,7/9/2013,94,74,20,2013
1194,7/9/2013,158.5,152,6.5,2013
1195,8/15/2013,156,153,3,2013
1196,8/16/2013,157.5,153,4.5,2013
1197,8/17/2013,157.5,153,4.5,2013
1198,8/18/2013,157,152,5,2013
1199,8/19/2013,157.5,152,5.5,2013
1200,8/20/2013,157.5,152,5.5,2013
1201,8/21/2013,84,74,10,2013
1202,8/21/2013,158,152,6,2013
1203,8/22/2013,86.5,74,12.5,2013
1204,8/22/2013,158.5,152,6.5,2013
1205,8/23/2013,94.5,74,20.5,2013
1206,8/23/2013,158.5,152,6.5,2013
1207,8/24/2013,94.5,74,20.5,2013
1208,8/24/2013,158,152,6,2013
1209,8/25/2013,94.5,74,20.5,2013
1210,8/25/2013,158,152,6,2013
1211,8/26/2013,94.5,74,20.5,2013
1212,8/26/2013,157.5,152,5.5,2013
1213,8/27/2013,133.5,133.5,0,2013
1214,8/27/2013,133.5,133.5,0,2013
1215,8/28/2013,133.5,133.5,0,2013
1216,8/28/2013,133.5,133.5,0,2013
1217,8/29/2013,133.5,133,0.5,2013
1218,8/29/2013,133.5,133,0.5,2013
1219,8/30/2013,133.5,133,0.5,2013
1220,8/30/2013,133.5,133,0.5,2013
1221,8/31/2013,83.5,74,9.5,2013
1222,8/31/2013,134,133,1,2013
1223,8/31/2013,134,133,1,2013
1224,8/9/2013,153.5,153.5,0,2013
1225,9/1/2013,89,74,15,2013
1226,9/1/2013,134,133,1,2013
1227,9/1/2013,134,133,1,2013
1228,9/10/2013,135.5,133,2.5,2013
1229,9/10/2013,135.5,133,2.5,2013
1230,9/11/2013,156,152,4,2013
1231,9/2/2013,92.5,74,18.5,2013
1232,9/2/2013,134.5,133,1.5,2013
1233,9/2/2013,134.5,133,1.5,2013
1234,9/3/2013,89,74,15,2013
1235,9/3/2013,134.5,133,1.5,2013
1236,9/3/2013,134.5,133,1.5,2013
1237,9/4/2013,91.5,74,17.5,2013
1238,9/4/2013,134.5,133,1.5,2013
1239,9/4/2013,134.5,133,1.5,2013
1240,9/5/2013,97.5,74,23.5,2013
1241,9/5/2013,135,133,2,2013
1242,9/5/2013,135,133,2,2013
1243,9/6/2013,97.5,74,23.5,2013
1244,9/6/2013,135,133,2,2013
1245,9/6/2013,135,133,2,2013
1246,9/7/2013,87.5,74,13.5,2013
1247,9/7/2013,135,133,2,2013
1248,9/7/2013,135,133,2,2013
1249,9/8/2013,135.5,133,2.5,2013
1250,9/8/2013,135.5,133,2.5,2013
1251,9/9/2013,135.5,133,2.5,2013
1252,9/9/2013,135.5,133,2.5,2013
1253,10/1/2014,154.5,152.5,2,2014
1254,10/10/2014,154.5,152.5,2,2014
1255,10/11/2014,154.5,152.5,2,2014
1256,10/2/2014,154.5,152.5,2,2014
1257,10/3/2014,154.5,152.5,2,2014
1258,10/4/2014,154.5,152.5,2,2014
1259,10/5/2014,154.5,152.5,2,2014
1260,10/6/2014,76.5,74,2.5,2014
1261,10/6/2014,154.5,152.5,2,2014
1262,10/7/2014,76.5,74,2.5,2014
1263,10/7/2014,154.5,152.5,2,2014
1264,10/8/2014,79,74,5,2014
1265,10/8/2014,154.5,152.5,2,2014
1266,10/9/2014,78.5,74,4.5,2014
1267,10/9/2014,154.5,152.5,2,2014
1268,6/19/2014,74.5,74,0.5,2014
1269,6/20/2014,75.5,74,1.5,2014
1270,6/21/2014,80,74,6,2014
1271,6/22/2014,80,74,6,2014
1272,6/23/2014,82,74,8,2014
1273,6/24/2014,83.5,74,9.5,2014
1274,6/25/2014,85.5,74,11.5,2014
1275,6/26/2014,86.5,74,12.5,2014
1276,6/27/2014,88,74,14,2014
1277,6/28/2014,89.5,74,15.5,2014
1278,6/29/2014,90,74,16,2014
1279,6/30/2014,91,74,17,2014
1280,7/1/2014,92,74,18,2014
1281,7/10/2014,86,74,12,2014
1282,7/11/2014,89,74,15,2014
1283,7/2/2014,93,74,19,2014
1284,7/26/2014,76.5,74,2.5,2014
1285,7/27/2014,79.5,74,5.5,2014
1286,7/28/2014,88,84,4,2014
1287,7/29/2014,88,84,4,2014
1288,7/3/2014,93.5,74,19.5,2014
1289,7/30/2014,90,74,16,2014
1290,7/4/2014,94,74,20,2014
1291,7/5/2014,95,74,21,2014
1292,7/6/2014,93.5,74,19.5,2014
1293,7/7/2014,91.5,74,17.5,2014
1294,7/8/2014,89.5,74,15.5,2014
1295,7/9/2014,87,74,13,2014
1296,9/10/2014,93.5,74,19.5,2014
1297,9/10/2014,153,152.5,0.5,2014
1298,9/11/2014,93.5,74,19.5,2014
1299,9/12/2014,93.5,74,19.5,2014
1300,9/12/2014,154,152.5,1.5,2014
1301,9/13/2014,94.5,74,20.5,2014
1302,9/13/2014,154.5,152.5,2,2014
1303,9/14/2014,95.5,74,21.5,2014
1304,9/14/2014,154.5,152.5,2,2014
1305,9/15/2014,95.5,74,21.5,2014
1306,9/15/2014,154.5,152.5,2,2014
1307,9/16/2014,154,152.5,1.5,2014
1308,9/25/2014,153,152.5,0.5,2014
1309,9/26/2014,154.5,152.5,2,2014
1310,9/27/2014,155,152,3,2014
1311,9/28/2014,154.5,152.5,2,2014
1312,9/29/2014,154.5,152.5,2,2014
1313,9/30/2014,154.5,152.5,2,2014
1314,9/6/2014,84,74,10,2014
1315,9/7/2014,84.5,74,10.5,2014
1316,9/8/2014,86.5,74,12.5,2014
1317,9/9/2014,86.5,74,12.5,2014
1318,10/1/2015,75.5,74,1.5,2015
1319,10/1/2015,94,84.5,9.5,2015
1320,10/1/2015,157,152.5,4.5,2015
1321,10/10/2015,155.5,152.5,3,2015
1322,10/11/2015,155.5,152.5,3,2015
1323,10/12/2015,155.5,152.5,3,2015
1324,10/13/2015,155.5,152.5,3,2015
1325,10/14/2015,155.5,152.5,3,2015
1326,10/15/2015,155.5,152.5,3,2015
1327,10/16/2015,155.5,152.5,3,2015
1328,10/17/2015,156.5,152.5,4,2015
1329,10/18/2015,86.5,84.5,2,2015
1330,10/18/2015,155.5,152.5,3,2015
1331,10/19/2015,156,152.5,3.5,2015
1332,10/2/2015,75.5,74,1.5,2015
1333,10/2/2015,94.5,84.5,10,2015
1334,10/2/2015,157,152.5,4.5,2015
1335,10/20/2015,156,152.5,3.5,2015
1336,10/21/2015,154.5,152.5,2,2015
1337,10/3/2015,75.5,74,1.5,2015
1338,10/3/2015,94.5,84.5,10,2015
1339,10/3/2015,157,152.5,4.5,2015
1340,10/4/2015,75.5,74,1.5,2015
1341,10/4/2015,95,84.5,10.5,2015
1342,10/4/2015,157,152.5,4.5,2015
1343,10/5/2015,75.5,74,1.5,2015
1344,10/5/2015,91.5,84.5,7,2015
1345,10/5/2015,156,152.5,3.5,2015
1346,10/6/2015,75.5,74,1.5,2015
1347,10/6/2015,91.5,84.5,7,2015
1348,10/6/2015,155.5,152.5,3,2015
1349,10/7/2015,75.5,74,1.5,2015
1350,10/7/2015,89,84.5,4.5,2015
1351,10/7/2015,155.5,152.5,3,2015
1352,10/8/2015,75.5,74,1.5,2015
1353,10/8/2015,86.5,84.5,2,2015
1354,10/8/2015,155.5,152.5,3,2015
1355,10/9/2015,75.5,74,1.5,2015
1356,10/9/2015,155.5,152,3.5,2015
1357,9/10/2015,153,153,0,2015
1358,9/11/2015,153.5,152.5,1,2015
1359,9/12/2015,87.5,84.5,3,2015
1360,9/12/2015,155,152.5,2.5,2015
1361,9/13/2015,90.5,90.5,0,2015
1362,9/13/2015,155.5,152.5,3,2015
1363,9/14/2015,89.5,84.5,5,2015
1364,9/14/2015,156,152.5,3.5,2015
1365,9/15/2015,92,92,0,2015
1366,9/15/2015,156.5,152.5,4,2015
1367,9/16/2015,94.5,94.5,0,2015
1368,9/16/2015,156.5,152.5,4,2015
1369,9/17/2015,94.5,94.5,0,2015
1370,9/17/2015,157,152,5,2015
1371,9/18/2015,94.5,94.5,0,2015
1372,9/18/2015,157,152,5,2015
1373,9/19/2015,75.5,74,1.5,2015
1374,9/19/2015,94.5,94.5,0,2015
1375,9/19/2015,156.5,152,4.5,2015
1376,9/20/2015,75.5,74,1.5,2015
1377,9/20/2015,94.5,94.5,0,2015
1378,9/20/2015,156,152,4,2015
1379,9/21/2015,75.5,74,1.5,2015
1380,9/21/2015,94.5,94.5,0,2015
1381,9/21/2015,155.5,152,3.5,2015
1382,9/22/2015,75.5,74,1.5,2015
1383,9/22/2015,94.5,94.5,0,2015
1384,9/22/2015,156,152.5,3.5,2015
1385,9/23/2015,75.5,74,1.5,2015
1386,9/23/2015,94.5,94.5,0,2015
1387,9/24/2015,75.5,74,1.5,2015
1388,9/24/2015,94.5,94.5,0,2015
1389,9/25/2015,75.5,74,1.5,2015
1390,9/26/2015,75.5,74,1.5,2015
1391,9/26/2015,156,152.5,3.5,2015
1392,9/27/2015,75.5,74,1.5,2015
1393,9/27/2015,155.5,152.5,3,2015
1394,9/28/2015,75.5,74,1.5,2015
1395,9/28/2015,90,84.5,5.5,2015
1396,9/28/2015,156,152.5,3.5,2015
1397,9/29/2015,75.5,74,1.5,2015
1398,9/29/2015,156.5,152.5,4,2015
1399,9/30/2015,75.5,74,1.5,2015
1400,9/30/2015,94,94,0,2015
1401,9/30/2015,157.5,152.5,5,2015
1402,10/1/2016,78,74,4,2016
1403,10/1/2016,156,152,4,2016
1404,10/1/2016,159.5,157,2.5,2016
1405,10/12/2016,155,151.5,3.5,2016
1406,10/13/2016,156,151.5,4.5,2016
1407,10/14/2016,156,151.5,4.5,2016
1408,10/15/2016,156,152,4,2016
1409,10/15/2016,157.5,157,0.5,2016
1410,10/16/2016,77.5,74,3.5,2016
1411,10/16/2016,156,152,4,2016
1412,10/16/2016,157.5,157,0.5,2016
1413,10/17/2016,74,74,0,2016
1414,10/17/2016,156,152,4,2016
1415,10/18/2016,156,152.5,3.5,2016
1416,10/18/2016,158,157,1,2016
1417,10/19/2016,74,74,0,2016
1418,10/19/2016,156,152.5,3.5,2016
1419,10/19/2016,159,157,2,2016
1420,10/2/2016,80.5,74,6.5,2016
1421,10/2/2016,156,152.5,3.5,2016
1422,10/2/2016,158.5,157,1.5,2016
1423,10/20/2016,156,152.5,3.5,2016
1424,10/20/2016,160.5,157,3.5,2016
1425,10/21/2016,156,152.5,3.5,2016
1426,10/21/2016,160,157,3,2016
1427,10/22/2016,74,74,0,2016
1428,10/22/2016,156,152,4,2016
1429,10/22/2016,161,157,4,2016
1430,10/23/2016,74.5,74,0.5,2016
1431,10/23/2016,156,153,3,2016
1432,10/23/2016,161,157,4,2016
1433,10/24/2016,76.5,74,2.5,2016
1434,10/24/2016,156,153,3,2016
1435,10/24/2016,161,157,4,2016
1436,10/25/2016,74,74,0,2016
1437,10/25/2016,156,153,3,2016
1438,10/25/2016,160.5,157,3.5,2016
1439,10/26/2016,156,153,3,2016
1440,10/26/2016,160.5,157,3.5,2016
1441,10/27/2016,156,153,3,2016
1442,10/27/2016,160.5,157,3.5,2016
1443,10/28/2016,75,75,0,2016
1444,10/28/2016,156,153,3,2016
1445,10/28/2016,160,157,3,2016
1446,10/29/2016,74,74,0,2016
1447,10/29/2016,156,153,3,2016
1448,10/29/2016,157.5,157,0.5,2016
1449,10/3/2016,80.5,74,6.5,2016
1450,10/3/2016,156,152.5,3.5,2016
1451,10/3/2016,158,157,1,2016
1452,10/30/2016,78.5,74,4.5,2016
1453,10/30/2016,155,153,2,2016
1454,10/31/2016,76,74,2,2016
1455,10/4/2016,81.5,74,7.5,2016
1456,10/4/2016,156,152,4,2016
1457,10/4/2016,158,156.5,1.5,2016
1458,10/5/2016,81.5,74,7.5,2016
1459,10/5/2016,156,152.5,3.5,2016
1460,10/5/2016,159.5,157,2.5,2016
1461,10/6/2016,81,74,7,2016
1462,10/6/2016,156,152.5,3.5,2016
1463,10/6/2016,159.5,157,2.5,2016
1464,10/7/2016,81,74,7,2016
1465,10/7/2016,156,152.5,3.5,2016
1466,10/7/2016,159.5,157,2.5,2016
1467,10/8/2016,81,74,7,2016
1468,10/8/2016,156,152.5,3.5,2016
1469,10/8/2016,160.5,157,3.5,2016
1470,10/9/2016,81,74,7,2016
1471,10/9/2016,156,152.5,3.5,2016
1472,10/9/2016,158.5,157,1.5,2016
1473,7/12/2016,80.5,74,6.5,2016
1474,7/13/2016,82,74,8,2016
1475,7/14/2016,83,74,9,2016
1476,7/15/2016,86,74,12,2016
1477,7/16/2016,88,74,14,2016
1478,7/17/2016,90,74,16,2016
1479,7/18/2016,91,74,17,2016
1480,7/19/2016,91,74,17,2016
1481,7/20/2016,92,74,18,2016
1482,7/21/2016,90,74,16,2016
1483,7/22/2016,90,74,16,2016
1484,7/23/2016,90,74,16,2016
1485,7/24/2016,90,74,16,2016
1486,7/25/2016,90,74,16,2016
1487,7/26/2016,90,74,16,2016
1488,7/27/2016,92,74,18,2016
1489,7/28/2016,92,74,18,2016
1490,7/29/2016,92,74,18,2016
1491,7/30/2016,91.5,74,17.5,2016
1492,7/31/2016,91.5,74,17.5,2016
1493,8/1/2016,94,74,20,2016
1494,8/2/2016,83,74,9,2016
1495,8/3/2016,80,74,6,2016
1496,8/31/2016,153.5,153,0.5,2016
1497,8/4/2016,80,74,6,2016
1498,8/5/2016,80,74,6,2016
1499,9/1/2016,154.5,154.5,0,2016
1500,9/10/2016,83,74,9,2016
1501,9/10/2016,156,152,4,2016
1502,9/10/2016,158.5,157,1.5,2016
1503,9/11/2016,84,74,10,2016
1504,9/11/2016,156,152,4,2016
1505,9/11/2016,159,157,2,2016
1506,9/12/2016,81.5,74,7.5,2016
1507,9/12/2016,154,152,2,2016
1508,9/13/2016,81,74,7,2016
1509,9/14/2016,82.5,74,8.5,2016
1510,9/14/2016,156.5,152,4.5,2016
1511,9/15/2016,81.5,74,7.5,2016
1512,9/15/2016,156,152,4,2016
1513,9/15/2016,158,157,1,2016
1514,9/16/2016,81.5,74,7.5,2016
1515,9/16/2016,156,152,4,2016
1516,9/16/2016,159,157,2,2016
1517,9/17/2016,81.5,74,7.5,2016
1518,9/17/2016,156,152,4,2016
1519,9/17/2016,158.5,157,1.5,2016
1520,9/18/2016,80,74,6,2016
1521,9/18/2016,156,152,4,2016
1522,9/18/2016,158.5,157,1.5,2016
1523,9/19/2016,82,74,8,2016
1524,9/19/2016,156,152.5,3.5,2016
1525,9/19/2016,161,157,4,2016
1526,9/2/2016,156,152.5,3.5,2016
1527,9/20/2016,82,74,8,2016
1528,9/20/2016,156,151.5,4.5,2016
1529,9/20/2016,161,157,4,2016
1530,9/21/2016,82,74,8,2016
1531,9/21/2016,156,151.5,4.5,2016
1532,9/21/2016,161,157,4,2016
1533,9/22/2016,82,74,8,2016
1534,9/22/2016,156,151,5,2016
1535,9/22/2016,161.5,157,4.5,2016
1536,9/23/2016,82,74,8,2016
1537,9/23/2016,156,151.5,4.5,2016
1538,9/23/2016,161.5,157,4.5,2016
1539,9/24/2016,84,74,10,2016
1540,9/24/2016,156,152.5,3.5,2016
1541,9/24/2016,161,157,4,2016
1542,9/25/2016,87.5,74,13.5,2016
1543,9/25/2016,156,152.5,3.5,2016
1544,9/25/2016,161,157,4,2016
1545,9/26/2016,87,74,13,2016
1546,9/26/2016,156,152.5,3.5,2016
1547,9/26/2016,161,157,4,2016
1548,9/3/2016,157,152.5,4.5,2016
1549,9/30/2016,78.5,74,4.5,2016
1550,9/4/2016,156.5,152.5,4,2016
1551,9/5/2016,157,152.5,4.5,2016
1552,9/6/2016,85,74,11,2016
1553,9/6/2016,157.5,152.5,5,2016
1554,9/7/2016,82,74,8,2016
1555,9/7/2016,155.5,152.5,3,2016
1556,9/8/2016,155,152.5,2.5,2016
1557,9/9/2016,83,74,9,2016
1558,9/9/2016,156,152,4,2016
1559,9/9/2016,157.5,157,0.5,2016
1560,7/10/2017,81.5,79.2,2.3,2017
1561,7/11/2017,83.2,79.2,4.1,2017
1562,7/12/2017,83.5,76.4,7.2,2017
1563,7/13/2017,85,77.2,7.9,2017
1564,7/14/2017,85.5,76.2,9.3,2017
1565,7/15/2017,85.8,76.2,9.6,2017
1566,7/16/2017,85.1,76.2,8.9,2017
1567,7/17/2017,87.8,76.2,11.6,2017
1568,7/18/2017,88.9,76.2,12.7,2017
1569,7/19/2017,88.7,76.2,12.6,2017
1570,7/20/2017,88.9,76.2,12.8,2017
1571,7/21/2017,88.8,76.2,12.6,2017
1572,7/22/2017,88.6,76.2,12.5,2017
1573,7/23/2017,83.2,76.2,7.1,2017
1574,7/24/2017,84.9,76.2,8.7,2017
1575,7/25/2017,86.3,73.9,12.5,2017
1576,7/26/2017,87.9,73.9,14,2017
1577,7/27/2017,87.2,73.9,13.3,2017
1578,7/28/2017,89,73.9,15.2,2017
1579,7/29/2017,89.6,73.9,15.7,2017
1580,7/30/2017,81.9,73.9,8,2017
1581,7/31/2017,75.6,73.9,1.8,2017
1582,7/9/2017,80.6,79.2,1.4,2017
1583,8/20/2017,82,79.1,2.9,2017
1584,8/21/2017,82.1,73.8,8.3,2017
1585,8/22/2017,80.4,73.8,6.6,2017
1586,8/23/2017,83.3,73.8,9.4,2017
1587,8/24/2017,75.2,73.8,1.4,2017
1588,8/25/2017,78.8,73.8,5,2017
1589,8/26/2017,79.9,73.8,6,2017
1590,8/27/2017,82,73.8,8.2,2017
1591,8/28/2017,82.8,73.8,9,2017
1592,8/29/2017,80.4,73.8,6.6,2017
1593,8/30/2017,77.1,73.8,3.3,2017
1594,8/31/2017,80.4,73.8,6.5,2017
1595,9/1/2017,80.5,73.8,6.7,2017
1596,9/10/2017,91.7,73.8,17.8,2017
1597,9/10/2017,153.8,152.5,1.3,2017
1598,9/11/2017,94.1,73.8,20.3,2017
1599,9/11/2017,154.2,152.4,1.8,2017
1600,9/12/2017,95.1,73.8,21.2,2017
1601,9/12/2017,154.1,152.5,1.6,2017
1602,9/13/2017,95.1,73.8,21.3,2017
1603,9/13/2017,153.8,152.5,1.3,2017
1604,9/14/2017,94.5,73.8,20.7,2017
1605,9/15/2017,94.5,73.8,20.7,2017
1606,9/16/2017,94.2,73.8,20.4,2017
1607,9/16/2017,153.5,152.7,0.8,2017
1608,9/17/2017,93.8,73.8,19.9,2017
1609,9/18/2017,93.5,73.8,19.7,2017
1610,9/19/2017,93.3,73.8,19.5,2017
1611,9/2/2017,79.9,73.8,6,2017
1612,9/20/2017,93.2,73.8,19.4,2017
1613,9/21/2017,93.4,73.8,19.6,2017
1614,9/21/2017,153.5,152.7,0.8,2017
1615,9/22/2017,92.8,73.8,19,2017
1616,9/22/2017,153.7,152.6,1.1,2017
1617,9/23/2017,92.7,73.8,18.9,2017
1618,9/24/2017,92.7,73.8,18.9,2017
1619,9/25/2017,92.6,73.8,18.8,2017
1620,9/26/2017,92.5,73.8,18.7,2017
1621,9/27/2017,92.3,73.8,18.5,2017
1622,9/28/2017,86.1,73.8,12.3,2017
1623,9/3/2017,81.5,73.8,7.7,2017
1624,9/3/2017,154.1,152.7,1.4,2017
1625,9/4/2017,81.6,73.8,7.8,2017
1626,9/4/2017,154,152.7,1.3,2017
1627,9/5/2017,81.2,73.8,7.4,2017
1628,9/5/2017,154.3,152.6,1.7,2017
1629,9/6/2017,81.3,73.8,7.5,2017
1630,9/6/2017,154.1,152.5,1.6,2017
1631,9/7/2017,84.8,73.8,11,2017
1632,9/7/2017,154.4,152.3,2.1,2017
1633,9/8/2017,86,73.8,12.1,2017
1634,9/8/2017,154.3,152,2.3,2017
1635,9/9/2017,89.3,73.8,15.5,2017
1636,9/9/2017,154.4,152.5,1.9,2017
1637,10/1/2018,156.9,152.4,4.42,2018
1638,10/1/2018,86.7,73.9,12.85,2018
1639,10/10/2018,154.9,152.4,2.41,2018
1640,10/10/2018,80.6,73.9,6.72,2018
1641,10/11/2018,155.3,152.5,2.8,2018
1642,10/11/2018,78.3,73.9,4.42,2018
1643,10/12/2018,155.3,152.5,2.83,2018
1644,10/12/2018,77.5,73.9,3.68,2018
1645,10/13/2018,156.3,151.7,4.56,2018
1646,10/13/2018,82.6,73.9,8.72,2018
1647,10/14/2018,155.6,152.6,2.98,2018
1648,10/14/2018,81.2,73.9,7.38,2018
1649,10/15/2018,154.6,152.6,1.98,2018
1650,10/15/2018,81.3,73.9,7.45,2018
1651,10/16/2018,155.3,152.6,2.67,2018
1652,10/16/2018,82.5,73.9,8.64,2018
1653,10/17/2018,81.4,73.9,7.55,2018
1654,10/18/2018,78.4,73.9,4.56,2018
1655,10/19/2018,77.2,73.9,3.33,2018
1656,10/2/2018,156.7,152.4,4.22,2018
1657,10/2/2018,86.6,73.9,12.75,2018
1658,10/3/2018,156.7,152.4,4.22,2018
1659,10/3/2018,79.5,73.9,5.69,2018
1660,10/4/2018,156.4,152.4,3.99,2018
1661,10/4/2018,84.8,73.9,10.93,2018
1662,10/5/2018,155.1,152.4,2.66,2018
1663,10/5/2018,87.3,73.9,13.4,2018
1664,10/6/2018,155.1,152.4,2.69,2018
1665,10/6/2018,87.6,73.9,13.78,2018
1666,10/7/2018,155.1,152.4,2.64,2018
1667,10/7/2018,88.2,73.9,14.38,2018
1668,10/8/2018,155.1,152.4,2.66,2018
1669,10/8/2018,83.1,73.9,9.28,2018
1670,10/9/2018,154.9,152.4,2.42,2018
1671,10/9/2018,82.3,73.9,8.49,2018
1672,4/1/2018,74.5,74,0.48,2018
1673,4/10/2018,88,74,14.07,2018
1674,4/11/2018,88.2,74,14.27,2018
1675,4/12/2018,88.8,74,14.78,2018
1676,4/13/2018,89.1,74,15.14,2018
1677,4/14/2018,89.1,74,15.09,2018
1678,4/15/2018,88.5,74,14.56,2018
1679,4/16/2018,88.8,74,14.79,2018
1680,4/17/2018,88.8,74,14.86,2018
1681,4/18/2018,89.1,74,15.1,2018
1682,4/19/2018,89,74,14.98,2018
1683,4/2/2018,76.3,74,2.3,2018
1684,4/20/2018,89.6,74,15.58,2018
1685,4/21/2018,89.3,74,15.28,2018
1686,4/22/2018,89.2,74,15.27,2018
1687,4/23/2018,89.1,74,15.17,2018
1688,4/24/2018,88.8,74,14.86,2018
1689,4/25/2018,89.6,74,15.63,2018
1690,4/26/2018,89.7,74,15.74,2018
1691,4/27/2018,90.8,74,16.82,2018
1692,4/28/2018,91.5,74,17.5,2018
1693,4/29/2018,92.1,74,18.17,2018
1694,4/3/2018,77.4,74,3.46,2018
1695,4/30/2018,92.9,74,18.9,2018
1696,4/4/2018,81.8,74,7.82,2018
1697,4/5/2018,83.1,74,9.16,2018
1698,4/6/2018,83.1,74,9.16,2018
1699,4/7/2018,83.9,74,9.9,2018
1700,4/8/2018,85.8,74,11.83,2018
1701,4/9/2018,86.9,74,12.96,2018
1702,5/1/2018,93,74,18.98,2018
1703,5/10/2018,93.5,74,19.56,2018
1704,5/11/2018,93.7,74,19.73,2018
1705,5/12/2018,93.8,74,19.88,2018
1706,5/13/2018,94,74,20.03,2018
1707,5/14/2018,94,74,19.98,2018
1708,5/15/2018,93.9,74,19.94,2018
1709,5/16/2018,94,74,20.04,2018
1710,5/17/2018,94.3,74,20.3,2018
1711,5/18/2018,94.5,74,20.48,2018
1712,5/19/2018,94.3,74,20.31,2018
1713,5/2/2018,93.2,74,19.19,2018
1714,5/20/2018,94.4,74,20.4,2018
1715,5/21/2018,94.5,74,20.52,2018
1716,5/22/2018,87.6,74,13.59,2018
1717,5/23/2018,92.2,74,18.2,2018
1718,5/24/2018,93,74,19.08,2018
1719,5/25/2018,93,74,19.08,2018
1720,5/26/2018,92.6,74,18.64,2018
1721,5/27/2018,92.1,74,18.16,2018
1722,5/28/2018,92.1,74,18.14,2018
1723,5/29/2018,92.7,74,18.71,2018
1724,5/3/2018,93.1,74,19.15,2018
1725,5/30/2018,92.5,74,18.58,2018
1726,5/31/2018,154.6,153.5,1.1,2018
1727,5/31/2018,92.3,74,18.33,2018
1728,5/4/2018,92.9,74,18.95,2018
1729,5/5/2018,93.1,74,19.09,2018
1730,5/6/2018,93.1,74,19.11,2018
1731,5/7/2018,93.1,74,19.17,2018
1732,5/8/2018,93.2,74,19.18,2018
1733,5/9/2018,93.3,74,19.33,2018
1734,6/1/2018,154.6,152.3,2.32,2018
1735,6/1/2018,92.8,74,18.88,2018
1736,6/10/2018,152,152,0.03,2018
1737,6/10/2018,94.3,74,20.31,2018
1738,6/11/2018,94,74,20.05,2018
1739,6/12/2018,94,74,20,2018
1740,6/13/2018,154.2,152.8,1.4,2018
1741,6/13/2018,93.9,74,19.96,2018
1742,6/14/2018,154.8,152.3,2.53,2018
1743,6/14/2018,93.9,74,19.94,2018
1744,6/15/2018,155,152.4,2.55,2018
1745,6/15/2018,93.8,74,19.88,2018
1746,6/16/2018,154.8,152.4,2.4,2018
1747,6/16/2018,93.8,74,19.83,2018
1748,6/17/2018,153.6,152.4,1.15,2018
1749,6/17/2018,93.6,74,19.63,2018
1750,6/18/2018,93.6,74,19.6,2018
1751,6/19/2018,93.4,74,19.47,2018
1752,6/2/2018,154.3,152,2.39,2018
1753,6/2/2018,93.1,74,19.16,2018
1754,6/20/2018,90.7,74,16.71,2018
1755,6/21/2018,92.8,74,18.81,2018
1756,6/22/2018,93.5,74,19.55,2018
1757,6/23/2018,93.9,74,19.89,2018
1758,6/24/2018,95.7,74,21.69,2018
1759,6/25/2018,155.3,152.6,2.67,2018
1760,6/25/2018,96.5,74,22.48,2018
1761,6/26/2018,155.3,152,3.32,2018
1762,6/26/2018,96.4,74,22.4,2018
1763,6/27/2018,155.6,151.7,3.91,2018
1764,6/27/2018,96.2,74,22.25,2018
1765,6/28/2018,155.8,151.4,4.37,2018
1766,6/28/2018,96.6,74,22.63,2018
1767,6/29/2018,155.9,151.2,4.69,2018
1768,6/29/2018,96.5,74,22.53,2018
1769,6/3/2018,154.6,152,2.65,2018
1770,6/3/2018,95,74,21.06,2018
1771,6/30/2018,156,151.2,4.75,2018
1772,6/30/2018,96.2,74,22.24,2018
1773,6/4/2018,87.8,74,13.79,2018
1774,6/5/2018,93.6,74,19.6,2018
1775,6/6/2018,93,74,19.01,2018
1776,6/7/2018,92.9,74,18.89,2018
1777,6/8/2018,92.9,74,18.9,2018
1778,6/9/2018,153.6,152.9,0.7,2018
1779,6/9/2018,94.3,74,20.32,2018
1780,7/1/2018,156,151.2,4.77,2018
1781,7/1/2018,96.3,74,22.29,2018
1782,7/10/2018,56.5,54.6,1.92,2018
1783,7/10/2018,96.7,63.4,33.36,2018
1784,7/11/2018,57,54.5,2.43,2018
1785,7/11/2018,96.4,62.8,33.54,2018
1786,7/12/2018,56.8,54.5,2.26,2018
1787,7/12/2018,61.1,60.4,0.74,2018
1788,7/12/2018,96.4,62.9,33.52,2018
1789,7/13/2018,56.7,54.5,2.23,2018
1790,7/13/2018,61.1,60.4,0.74,2018
1791,7/13/2018,96.3,63.4,32.92,2018
1792,7/14/2018,56.5,54.5,2.03,2018
1793,7/14/2018,60.6,60.4,0.19,2018
1794,7/14/2018,96,63.4,32.6,2018
1795,7/15/2018,57,54.5,2.46,2018
1796,7/15/2018,61.1,60.4,0.74,2018
1797,7/15/2018,83.5,63.4,20.18,2018
1798,7/16/2018,83.9,63.9,19.97,2018
1799,7/17/2018,71.9,63.8,8.08,2018
1800,7/18/2018,56.1,54.7,1.44,2018
1801,7/19/2018,153.6,152.7,0.84,2018
1802,7/19/2018,84.8,63.8,20.98,2018
1803,7/2/2018,155.6,151.2,4.35,2018
1804,7/2/2018,96.4,73.9,22.45,2018
1805,7/20/2018,155.9,152.4,3.47,2018
1806,7/20/2018,56,54.9,1.08,2018
1807,7/20/2018,85,63.7,21.32,2018
1808,7/21/2018,154.8,152.1,2.7,2018
1809,7/21/2018,56.3,54.8,1.52,2018
1810,7/21/2018,85.8,63.7,22.09,2018
1811,7/22/2018,154.9,152,2.88,2018
1812,7/22/2018,56.5,54.7,1.73,2018
1813,7/22/2018,60.5,60.5,0.05,2018
1814,7/22/2018,91.4,63.4,27.98,2018
1815,7/23/2018,155,151.7,3.31,2018
1816,7/23/2018,56.5,54.6,1.9,2018
1817,7/23/2018,60.6,60.5,0.18,2018
1818,7/23/2018,91.5,63.4,28.11,2018
1819,7/24/2018,155.2,152.4,2.71,2018
1820,7/24/2018,56.8,54.6,2.22,2018
1821,7/24/2018,60.8,60.5,0.36,2018
1822,7/24/2018,91.5,63.4,28.19,2018
1823,7/25/2018,134.1,133.3,0.79,2018
1824,7/25/2018,155,152.5,2.5,2018
1825,7/25/2018,56.7,54.6,2.09,2018
1826,7/25/2018,60.7,60.4,0.36,2018
1827,7/25/2018,91.9,63.4,28.57,2018
1828,7/26/2018,134,133.2,0.77,2018
1829,7/26/2018,56.5,54.5,1.9,2018
1830,7/26/2018,91.7,63.4,28.34,2018
1831,7/27/2018,56,54.5,1.46,2018
1832,7/27/2018,68.3,63.4,4.99,2018
1833,7/3/2018,155.9,152.5,3.38,2018
1834,7/3/2018,97,73.8,23.13,2018
1835,7/4/2018,155.9,152.4,3.47,2018
1836,7/4/2018,64.4,64.1,0.3,2018
1837,7/4/2018,96.7,73.8,22.9,2018
1838,7/5/2018,156,152.4,3.56,2018
1839,7/5/2018,64.6,63.4,1.23,2018
1840,7/5/2018,97,73.8,23.1,2018
1841,7/6/2018,155.6,152.4,3.12,2018
1842,7/6/2018,63.7,63.4,0.3,2018
1843,7/6/2018,97.2,73.8,23.33,2018
1844,7/7/2018,67.2,63.4,3.78,2018
1845,7/7/2018,97.1,73.8,23.25,2018
1846,7/8/2018,68,62.9,5.1,2018
1847,7/8/2018,97.5,73.8,23.72,2018
1848,7/9/2018,69.2,62.8,6.31,2018
1849,7/9/2018,97.2,70.3,26.89,2018
1850,8/10/2018,91.9,74,17.93,2018
1851,8/11/2018,93.3,74,19.37,2018
1852,8/12/2018,89.3,74,15.35,2018
1853,8/13/2018,90.7,74,16.73,2018
1854,8/14/2018,84.3,74,10.28,2018
1855,8/17/2018,91.6,74,17.63,2018
1856,8/18/2018,90.2,74,16.23,2018
1857,8/19/2018,92.2,74,18.17,2018
1858,8/20/2018,93.3,74,19.37,2018
1859,8/21/2018,94.6,74,20.62,2018
1860,8/22/2018,90.5,74,16.57,2018
1861,8/3/2018,81.4,77,4.33,2018
1862,8/4/2018,88.2,75.6,12.66,2018
1863,8/5/2018,85.3,74,11.37,2018
1864,8/6/2018,86.4,74,12.44,2018
1865,8/7/2018,89.1,74,15.08,2018
1866,8/8/2018,91.8,74,17.77,2018
1867,8/9/2018,155.1,152.7,2.44,2018
1868,8/9/2018,92.5,74,18.47,2018
1869,9/1/2018,81.7,77.8,3.87,2018
1870,9/10/2018,154.6,152.4,2.1,2018
1871,9/11/2018,154.5,152.4,2.05,2018
1872,9/11/2018,80.7,73.9,6.85,2018
1873,9/12/2018,154.5,152.4,2.09,2018
1874,9/12/2018,81.8,73.9,7.89,2018
1875,9/13/2018,154.4,152.4,2,2018
1876,9/13/2018,83.3,73.9,9.45,2018
1877,9/14/2018,154.4,152.4,2,2018
1878,9/14/2018,83.7,73.9,9.81,2018
1879,9/15/2018,155,152.4,2.55,2018
1880,9/15/2018,84.7,73.9,10.82,2018
1881,9/16/2018,155.1,152.4,2.63,2018
1882,9/16/2018,85.5,73.9,11.61,2018
1883,9/17/2018,158.1,152.4,5.68,2018
1884,9/17/2018,86.4,73.9,12.57,2018
1885,9/18/2018,157.7,151.5,6.2,2018
1886,9/18/2018,87.8,73.9,13.95,2018
1887,9/19/2018,157.7,151.7,6.02,2018
1888,9/19/2018,92.1,73.9,18.28,2018
1889,9/20/2018,157.3,151.5,5.83,2018
1890,9/20/2018,91.8,73.9,17.97,2018
1891,9/21/2018,157.3,152.4,4.86,2018
1892,9/21/2018,84.8,73.9,10.96,2018
1893,9/22/2018,155.1,152.4,2.65,2018
1894,9/22/2018,84.3,73.9,10.4,2018
1895,9/23/2018,157.2,152.4,4.77,2018
1896,9/23/2018,84,73.9,10.11,2018
1897,9/24/2018,157.2,152.4,4.73,2018
1898,9/24/2018,84.5,73.9,10.61,2018
1899,9/25/2018,157.3,152.4,4.86,2018
1900,9/25/2018,85.7,73.9,11.88,2018
1901,9/26/2018,157,152.4,4.56,2018
1902,9/26/2018,84.9,73.9,11.07,2018
1903,9/27/2018,157.2,152.4,4.77,2018
1904,9/27/2018,84.7,73.9,10.86,2018
1905,9/28/2018,156.8,152.4,4.32,2018
1906,9/28/2018,84.9,73.9,11.07,2018
1907,9/29/2018,157,151.7,5.26,2018
1908,9/29/2018,85.3,73.9,11.41,2018
1909,9/3/2018,84.7,74.7,10.05,2018
1910,9/30/2018,157.8,152.4,5.3,2018
1911,9/30/2018,85.9,73.9,12.06,2018
1912,9/4/2018,86,73.9,12.13,2018
1913,9/5/2018,152.8,152.8,0.01,2018
1914,9/5/2018,83.7,73.9,9.85,2018
1915,9/6/2018,154.7,152.4,2.25,2018
1916,9/7/2018,157.3,152.4,4.92,2018
1917,9/8/2018,157.2,152.4,4.8,2018
1918,9/9/2018,154.8,152.4,2.4,2018
1919,8/21/19,80.92,79.15,1.77,2019
1920,8/22/19,80.92,79.15,1.77,2019
1921,8/23/19,80.92,79.15,1.77,2019
1922,8/24/19,80.92,79.15,1.77,2019
1923,8/25/19,80.92,79.15,1.77,2019
1924,8/26/19,80.98,79.15,1.83,2019
1925,8/27/19,81.1,79.15,1.95,2019
1926,8/28/19,81.45,79.15,2.30,2019
1927,8/29/19,81.46,79.15,2.31,2019
1928,8/30/19,81.46,79.15,2.31,2019
1929,8/31/19,81.46,79.15,2.31,2019
1930,9/1/19,81.46,79.15,2.31,2019
1931,9/2/19,85.2,79.15,6.05,2019
1932,9/3/19,86.1,79.15,6.95,2019
1933,9/4/19,86.55,79.15,7.40,2019
1934,9/5/19,86.8,79.15,7.65,2019
1935,9/6/19,88.8,74.5,14.30,2019
1936,9/7/19,89.29,74.35,14.94,2019
1937,9/8/19,89.85,74.35,15.50,2019
1938,9/9/19,89.63,73.85,15.78,2019
1939,9/10/19,89.75,73.85,15.90,2019
1940,9/11/19,89.87,73.85,16.02,2019
1941,9/12/19,89.61,73.85,15.76,2019
1942,9/13/19,91.2,73.85,17.35,2019
1943,9/14/19,88.61,73.84,14.77,2019
1944,9/15/19,87.62,73.85,13.77,2019
1945,9/16/19,77,73.85,3.15,2019
1946,9/26/19,81.65,81.5,0.15,2019
1947,9/27/19,81.85,76.2,5.65,2019
1948,9/28/19,82.78,76.17,6.61,2019
1949,9/29/19,82.66,73.88,8.78,2019
1950,9/30/19,82.46,73.88,8.58,2019
1951,10/1/19,82.42,73.88,8.54,2019
1952,10/2/19,82.25,73.88,8.37,2019
1953,10/3/19,82.73,73.89,8.84,2019
1954,10/4/19,84.25,73.89,10.36,2019
1955,10/5/19,77.36,73.89,3.47,2019
